LEFT_TABLE,RIGHT_TABLE,JOINABLE
SG_CSV0000000000001178.csv,SG_CSV0000000000000925.csv,No
SG_CSV0000000000000451.csv,SG_CSV0000000000000925.csv,No
SG_CSV0000000000000147.csv,SG_CSV0000000000000925.csv,No
SG_CSV0000000000000048.csv,SG_CSV0000000000000925.csv,No
SG_CSV0000000000001638.csv,SG_CSV0000000000000925.csv,No
SG_CSV0000000000000744.csv,SG_CSV0000000000000925.csv,No
SG_CSV0000000000001161.csv,SG_CSV0000000000000925.csv,No
SG_CSV0000000000001130.csv,SG_CSV0000000000000925.csv,No
SG_CSV0000000000001358.csv,SG_CSV0000000000000925.csv,No
SG_CSV0000000000000270.csv,SG_CSV0000000000000925.csv,No
SG_CSV0000000000001444.csv,SG_CSV0000000000000925.csv,No
SG_CSV0000000000000436.csv,SG_CSV0000000000000925.csv,No
SG_CSV0000000000000839.csv,SG_CSV0000000000000925.csv,No
SG_CSV0000000000000678.csv,SG_CSV0000000000000925.csv,No
SG_CSV0000000000001675.csv,SG_CSV0000000000000925.csv,No
SG_CSV0000000000001674.csv,SG_CSV0000000000000925.csv,No
SG_CSV0000000000001072.csv,SG_CSV0000000000000925.csv,No
SG_CSV0000000000000840.csv,SG_CSV0000000000000925.csv,No
SG_CSV0000000000000920.csv,SG_CSV0000000000000925.csv,No
SG_CSV0000000000000288.csv,SG_CSV0000000000000925.csv,No
SG_CSV0000000000000039.csv,SG_CSV0000000000000925.csv,No
SG_CSV0000000000000228.csv,SG_CSV0000000000000925.csv,No
SG_CSV0000000000001682.csv,SG_CSV0000000000000925.csv,No
SG_CSV0000000000000949.csv,SG_CSV0000000000000925.csv,No
SG_CSV0000000000001096.csv,SG_CSV0000000000000925.csv,No
SG_CSV0000000000000448.csv,SG_CSV0000000000000925.csv,No
SG_CSV0000000000001977.csv,SG_CSV0000000000000925.csv,No
SG_CSV0000000000001175.csv,SG_CSV0000000000000925.csv,No
SG_CSV0000000000000480.csv,SG_CSV0000000000000925.csv,No
SG_CSV0000000000001927.csv,SG_CSV0000000000000925.csv,No
SG_CSV0000000000001965.csv,SG_CSV0000000000000925.csv,No
SG_CSV0000000000001306.csv,SG_CSV0000000000000925.csv,No
SG_CSV0000000000000566.csv,SG_CSV0000000000000925.csv,No
SG_CSV0000000000001337.csv,SG_CSV0000000000000925.csv,No
SG_CSV0000000000001422.csv,SG_CSV0000000000000925.csv,No
SG_CSV0000000000000999.csv,SG_CSV0000000000000925.csv,No
SG_CSV0000000000000399.csv,SG_CSV0000000000000925.csv,No
SG_CSV0000000000000977.csv,SG_CSV0000000000000925.csv,No
SG_CSV0000000000001397.csv,SG_CSV0000000000000925.csv,No
SG_CSV0000000000000160.csv,SG_CSV0000000000000925.csv,No
SG_CSV0000000000001421.csv,SG_CSV0000000000000925.csv,No
SG_CSV0000000000000780.csv,SG_CSV0000000000000925.csv,No
SG_CSV0000000000001847.csv,SG_CSV0000000000000925.csv,No
SG_CSV0000000000000824.csv,SG_CSV0000000000000925.csv,No
SG_CSV0000000000001912.csv,SG_CSV0000000000000925.csv,No
SG_CSV0000000000000332.csv,SG_CSV0000000000000925.csv,No
SG_CSV0000000000001823.csv,SG_CSV0000000000000925.csv,No
SG_CSV0000000000001384.csv,SG_CSV0000000000000925.csv,No
SG_CSV0000000000000308.csv,SG_CSV0000000000000925.csv,No
SG_CSV0000000000000208.csv,SG_CSV0000000000000925.csv,No
SG_CSV0000000000000569.csv,SG_CSV0000000000000925.csv,No
SG_CSV0000000000000131.csv,SG_CSV0000000000000925.csv,No
SG_CSV0000000000001757.csv,SG_CSV0000000000000925.csv,No
SG_CSV0000000000001003.csv,SG_CSV0000000000000925.csv,No
SG_CSV0000000000000822.csv,SG_CSV0000000000000925.csv,No
SG_CSV0000000000000815.csv,SG_CSV0000000000000925.csv,No
SG_CSV0000000000000643.csv,SG_CSV0000000000000925.csv,No
SG_CSV0000000000001730.csv,SG_CSV0000000000000925.csv,No
SG_CSV0000000000000617.csv,SG_CSV0000000000000925.csv,No
SG_CSV0000000000000117.csv,SG_CSV0000000000000925.csv,No
SG_CSV0000000000001405.csv,SG_CSV0000000000000925.csv,No
SG_CSV0000000000001647.csv,SG_CSV0000000000000925.csv,No
SG_CSV0000000000000230.csv,SG_CSV0000000000000925.csv,No
SG_CSV0000000000001793.csv,SG_CSV0000000000000925.csv,No
SG_CSV0000000000000837.csv,SG_CSV0000000000000925.csv,No
SG_CSV0000000000001322.csv,SG_CSV0000000000000925.csv,No
SG_CSV0000000000001806.csv,SG_CSV0000000000000925.csv,No
SG_CSV0000000000000198.csv,SG_CSV0000000000000925.csv,No
SG_CSV0000000000000675.csv,SG_CSV0000000000000925.csv,No
SG_CSV0000000000001673.csv,SG_CSV0000000000000925.csv,No
SG_CSV0000000000000417.csv,SG_CSV0000000000000925.csv,No
SG_CSV0000000000001066.csv,SG_CSV0000000000000925.csv,No
SG_CSV0000000000000974.csv,SG_CSV0000000000000925.csv,No
SG_CSV0000000000000155.csv,SG_CSV0000000000000925.csv,No
SG_CSV0000000000001631.csv,SG_CSV0000000000000925.csv,No
SG_CSV0000000000001962.csv,SG_CSV0000000000000925.csv,No
SG_CSV0000000000001357.csv,SG_CSV0000000000000925.csv,No
SG_CSV0000000000000738.csv,SG_CSV0000000000000925.csv,No
SG_CSV0000000000000956.csv,SG_CSV0000000000000925.csv,No
SG_CSV0000000000000830.csv,SG_CSV0000000000000925.csv,No
SG_CSV0000000000000389.csv,SG_CSV0000000000000925.csv,No
SG_CSV0000000000001766.csv,SG_CSV0000000000000925.csv,No
SG_CSV0000000000001152.csv,SG_CSV0000000000000925.csv,No
SG_CSV0000000000000471.csv,SG_CSV0000000000000925.csv,No
SG_CSV0000000000000251.csv,SG_CSV0000000000000925.csv,No
SG_CSV0000000000001664.csv,SG_CSV0000000000000925.csv,No
SG_CSV0000000000001347.csv,SG_CSV0000000000000925.csv,No
SG_CSV0000000000001452.csv,SG_CSV0000000000000925.csv,No
SG_CSV0000000000001851.csv,SG_CSV0000000000000925.csv,No
SG_CSV0000000000001000.csv,SG_CSV0000000000000925.csv,No
SG_CSV0000000000001650.csv,SG_CSV0000000000000925.csv,No
SG_CSV0000000000001185.csv,SG_CSV0000000000000925.csv,No
SG_CSV0000000000001528.csv,SG_CSV0000000000000925.csv,No
SG_CSV0000000000000704.csv,SG_CSV0000000000000925.csv,No
SG_CSV0000000000000588.csv,SG_CSV0000000000000925.csv,No
SG_CSV0000000000000820.csv,SG_CSV0000000000000925.csv,No
SG_CSV0000000000000736.csv,SG_CSV0000000000000925.csv,No
SG_CSV0000000000001839.csv,SG_CSV0000000000000925.csv,No
SG_CSV0000000000001023.csv,SG_CSV0000000000000925.csv,No
SG_CSV0000000000000014.csv,SG_CSV0000000000000925.csv,No
SG_CSV0000000000001027.csv,SG_CSV0000000000000925.csv,No
SG_CSV0000000000000136.csv,SG_CSV0000000000000925.csv,No
SG_CSV0000000000001414.csv,SG_CSV0000000000000925.csv,No
SG_CSV0000000000001696.csv,SG_CSV0000000000000925.csv,No
SG_CSV0000000000001228.csv,SG_CSV0000000000000925.csv,No
SG_CSV0000000000001153.csv,SG_CSV0000000000000925.csv,No
SG_CSV0000000000000709.csv,SG_CSV0000000000000925.csv,No
SG_CSV0000000000000098.csv,SG_CSV0000000000000925.csv,No
SG_CSV0000000000001129.csv,SG_CSV0000000000000925.csv,No
SG_CSV0000000000001233.csv,SG_CSV0000000000000925.csv,No
SG_CSV0000000000000023.csv,SG_CSV0000000000000925.csv,No
SG_CSV0000000000000651.csv,SG_CSV0000000000000925.csv,No
SG_CSV0000000000001753.csv,SG_CSV0000000000000925.csv,No
SG_CSV0000000000001802.csv,SG_CSV0000000000000925.csv,No
SG_CSV0000000000000993.csv,SG_CSV0000000000000925.csv,No
SG_CSV0000000000000799.csv,SG_CSV0000000000000925.csv,No
SG_CSV0000000000001749.csv,SG_CSV0000000000000925.csv,No
SG_CSV0000000000001785.csv,SG_CSV0000000000000925.csv,No
SG_CSV0000000000000558.csv,SG_CSV0000000000000925.csv,No
SG_CSV0000000000001415.csv,SG_CSV0000000000000925.csv,No
SG_CSV0000000000001963.csv,SG_CSV0000000000000925.csv,No
SG_CSV0000000000001669.csv,SG_CSV0000000000000925.csv,No
SG_CSV0000000000000390.csv,SG_CSV0000000000000925.csv,No
SG_CSV0000000000001296.csv,SG_CSV0000000000000925.csv,No
SG_CSV0000000000000294.csv,SG_CSV0000000000000925.csv,No
SG_CSV0000000000000577.csv,SG_CSV0000000000000925.csv,No
SG_CSV0000000000001906.csv,SG_CSV0000000000000925.csv,No
SG_CSV0000000000000001.csv,SG_CSV0000000000000925.csv,No
SG_CSV0000000000001268.csv,SG_CSV0000000000000925.csv,No
SG_CSV0000000000001095.csv,SG_CSV0000000000000925.csv,No
SG_CSV0000000000000571.csv,SG_CSV0000000000000925.csv,No
SG_CSV0000000000000210.csv,SG_CSV0000000000000925.csv,No
SG_CSV0000000000000843.csv,SG_CSV0000000000000925.csv,No
SG_CSV0000000000000723.csv,SG_CSV0000000000000925.csv,No
SG_CSV0000000000001140.csv,SG_CSV0000000000000925.csv,No
SG_CSV0000000000000838.csv,SG_CSV0000000000000925.csv,No
SG_CSV0000000000000339.csv,SG_CSV0000000000000925.csv,No
SG_CSV0000000000000359.csv,SG_CSV0000000000000925.csv,No
SG_CSV0000000000000302.csv,SG_CSV0000000000000925.csv,No
SG_CSV0000000000001288.csv,SG_CSV0000000000000925.csv,No
SG_CSV0000000000001266.csv,SG_CSV0000000000000925.csv,No
SG_CSV0000000000001083.csv,SG_CSV0000000000000925.csv,No
SG_CSV0000000000000346.csv,SG_CSV0000000000000925.csv,No
SG_CSV0000000000001138.csv,SG_CSV0000000000000925.csv,No
SG_CSV0000000000001942.csv,SG_CSV0000000000000925.csv,No
SG_CSV0000000000001299.csv,SG_CSV0000000000000925.csv,No
SG_CSV0000000000001143.csv,SG_CSV0000000000000925.csv,No
SG_CSV0000000000001648.csv,SG_CSV0000000000000925.csv,No
SG_CSV0000000000001746.csv,SG_CSV0000000000000925.csv,No
SG_CSV0000000000001849.csv,SG_CSV0000000000000925.csv,No
SG_CSV0000000000001022.csv,SG_CSV0000000000000925.csv,No
SG_CSV0000000000000748.csv,SG_CSV0000000000000925.csv,No
SG_CSV0000000000000442.csv,SG_CSV0000000000000925.csv,No
SG_CSV0000000000001049.csv,SG_CSV0000000000000925.csv,No
SG_CSV0000000000001356.csv,SG_CSV0000000000000925.csv,No
SG_CSV0000000000001678.csv,SG_CSV0000000000000925.csv,No
SG_CSV0000000000001897.csv,SG_CSV0000000000000925.csv,No
SG_CSV0000000000000472.csv,SG_CSV0000000000000925.csv,No
SG_CSV0000000000000779.csv,SG_CSV0000000000000925.csv,No
SG_CSV0000000000001417.csv,SG_CSV0000000000000925.csv,No
SG_CSV0000000000000078.csv,SG_CSV0000000000000925.csv,No
SG_CSV0000000000000918.csv,SG_CSV0000000000000925.csv,No
SG_CSV0000000000000684.csv,SG_CSV0000000000000925.csv,No
SG_CSV0000000000000798.csv,SG_CSV0000000000000925.csv,No
SG_CSV0000000000001763.csv,SG_CSV0000000000000925.csv,No
SG_CSV0000000000001755.csv,SG_CSV0000000000000925.csv,No
SG_CSV0000000000001813.csv,SG_CSV0000000000000925.csv,No
SG_CSV0000000000000589.csv,SG_CSV0000000000000925.csv,No
SG_CSV0000000000000841.csv,SG_CSV0000000000000925.csv,No
SG_CSV0000000000001108.csv,SG_CSV0000000000000925.csv,No
SG_CSV0000000000001907.csv,SG_CSV0000000000000925.csv,No
SG_CSV0000000000001975.csv,SG_CSV0000000000000925.csv,No
SG_CSV0000000000001697.csv,SG_CSV0000000000000925.csv,No
SG_CSV0000000000001335.csv,SG_CSV0000000000000925.csv,No
SG_CSV0000000000001048.csv,SG_CSV0000000000000925.csv,No
SG_CSV0000000000000263.csv,SG_CSV0000000000000925.csv,No
SG_CSV0000000000000597.csv,SG_CSV0000000000000925.csv,No
SG_CSV0000000000001810.csv,SG_CSV0000000000000925.csv,No
SG_CSV0000000000000040.csv,SG_CSV0000000000000925.csv,No
SG_CSV0000000000001009.csv,SG_CSV0000000000000925.csv,No
SG_CSV0000000000001735.csv,SG_CSV0000000000000925.csv,No
SG_CSV0000000000000728.csv,SG_CSV0000000000000925.csv,No
SG_CSV0000000000001084.csv,SG_CSV0000000000000925.csv,No
SG_CSV0000000000000116.csv,SG_CSV0000000000000925.csv,No
SG_CSV0000000000000367.csv,SG_CSV0000000000000925.csv,No
SG_CSV0000000000001805.csv,SG_CSV0000000000000925.csv,No
SG_CSV0000000000001775.csv,SG_CSV0000000000000925.csv,No
SG_CSV0000000000001053.csv,SG_CSV0000000000000925.csv,No
SG_CSV0000000000000482.csv,SG_CSV0000000000000925.csv,No
SG_CSV0000000000000372.csv,SG_CSV0000000000000925.csv,No
SG_CSV0000000000001060.csv,SG_CSV0000000000000925.csv,No
SG_CSV0000000000000641.csv,SG_CSV0000000000000925.csv,No
SG_CSV0000000000000937.csv,SG_CSV0000000000000925.csv,No
SG_CSV0000000000001279.csv,SG_CSV0000000000000925.csv,No
SG_CSV0000000000001843.csv,SG_CSV0000000000000925.csv,No
SG_CSV0000000000000441.csv,SG_CSV0000000000000925.csv,No
SG_CSV0000000000001440.csv,SG_CSV0000000000000925.csv,No
SG_CSV0000000000000009.csv,SG_CSV0000000000000925.csv,No
SG_CSV0000000000000532.csv,SG_CSV0000000000000925.csv,No
SG_CSV0000000000001811.csv,SG_CSV0000000000000925.csv,No
SG_CSV0000000000000024.csv,SG_CSV0000000000000925.csv,No
SG_CSV0000000000000655.csv,SG_CSV0000000000000925.csv,No
SG_CSV0000000000000946.csv,SG_CSV0000000000000925.csv,No
SG_CSV0000000000000004.csv,SG_CSV0000000000000925.csv,No
SG_CSV0000000000000476.csv,SG_CSV0000000000000925.csv,No
SG_CSV0000000000000919.csv,SG_CSV0000000000000925.csv,No
SG_CSV0000000000000016.csv,SG_CSV0000000000000925.csv,No
SG_CSV0000000000001655.csv,SG_CSV0000000000000925.csv,No
SG_CSV0000000000000452.csv,SG_CSV0000000000000925.csv,No
SG_CSV0000000000000033.csv,SG_CSV0000000000000925.csv,No
SG_CSV0000000000000034.csv,SG_CSV0000000000000925.csv,No
SG_CSV0000000000000913.csv,SG_CSV0000000000000925.csv,No
SG_CSV0000000000001908.csv,SG_CSV0000000000000925.csv,No
SG_CSV0000000000000565.csv,SG_CSV0000000000000925.csv,No
SG_CSV0000000000000283.csv,SG_CSV0000000000000925.csv,No
SG_CSV0000000000001895.csv,SG_CSV0000000000000925.csv,No
SG_CSV0000000000001797.csv,SG_CSV0000000000000925.csv,No
SG_CSV0000000000001526.csv,SG_CSV0000000000000925.csv,No
SG_CSV0000000000000099.csv,SG_CSV0000000000000925.csv,No
SG_CSV0000000000000863.csv,SG_CSV0000000000000925.csv,No
SG_CSV0000000000001688.csv,SG_CSV0000000000000925.csv,No
SG_CSV0000000000001304.csv,SG_CSV0000000000000925.csv,No
SG_CSV0000000000000693.csv,SG_CSV0000000000000925.csv,No
SG_CSV0000000000001858.csv,SG_CSV0000000000000925.csv,No
SG_CSV0000000000000144.csv,SG_CSV0000000000000925.csv,No
SG_CSV0000000000001889.csv,SG_CSV0000000000000925.csv,No
SG_CSV0000000000001215.csv,SG_CSV0000000000000925.csv,No
SG_CSV0000000000000127.csv,SG_CSV0000000000000925.csv,No
SG_CSV0000000000000729.csv,SG_CSV0000000000000925.csv,No
SG_CSV0000000000001416.csv,SG_CSV0000000000000925.csv,No
SG_CSV0000000000001039.csv,SG_CSV0000000000000925.csv,No
SG_CSV0000000000001742.csv,SG_CSV0000000000000925.csv,No
SG_CSV0000000000000013.csv,SG_CSV0000000000000925.csv,No
SG_CSV0000000000000360.csv,SG_CSV0000000000000925.csv,No
SG_CSV0000000000000377.csv,SG_CSV0000000000000925.csv,No
SG_CSV0000000000000405.csv,SG_CSV0000000000000925.csv,No
SG_CSV0000000000000469.csv,SG_CSV0000000000000925.csv,No
SG_CSV0000000000001944.csv,SG_CSV0000000000000925.csv,No
SG_CSV0000000000000620.csv,SG_CSV0000000000000925.csv,No
SG_CSV0000000000000215.csv,SG_CSV0000000000000925.csv,No
SG_CSV0000000000001291.csv,SG_CSV0000000000000925.csv,No
SG_CSV0000000000001769.csv,SG_CSV0000000000000925.csv,No
SG_CSV0000000000000259.csv,SG_CSV0000000000000925.csv,No
SG_CSV0000000000001819.csv,SG_CSV0000000000000925.csv,No
SG_CSV0000000000001953.csv,SG_CSV0000000000000925.csv,No
SG_CSV0000000000000619.csv,SG_CSV0000000000000925.csv,No
SG_CSV0000000000000973.csv,SG_CSV0000000000000925.csv,No
SG_CSV0000000000001021.csv,SG_CSV0000000000000925.csv,No
SG_CSV0000000000000446.csv,SG_CSV0000000000000925.csv,No
SG_CSV0000000000001395.csv,SG_CSV0000000000000925.csv,No
SG_CSV0000000000000958.csv,SG_CSV0000000000000925.csv,No
SG_CSV0000000000000388.csv,SG_CSV0000000000000925.csv,No
SG_CSV0000000000001292.csv,SG_CSV0000000000000925.csv,No
SG_CSV0000000000001061.csv,SG_CSV0000000000000925.csv,No
SG_CSV0000000000000751.csv,SG_CSV0000000000000925.csv,No
SG_CSV0000000000000431.csv,SG_CSV0000000000000925.csv,No
SG_CSV0000000000000630.csv,SG_CSV0000000000000925.csv,No
SG_CSV0000000000001954.csv,SG_CSV0000000000000925.csv,No
SG_CSV0000000000000632.csv,SG_CSV0000000000000925.csv,No
SG_CSV0000000000001202.csv,SG_CSV0000000000000925.csv,No
SG_CSV0000000000000543.csv,SG_CSV0000000000000925.csv,No
SG_CSV0000000000000095.csv,SG_CSV0000000000000925.csv,No
SG_CSV0000000000000784.csv,SG_CSV0000000000000925.csv,No
SG_CSV0000000000001637.csv,SG_CSV0000000000000925.csv,No
SG_CSV0000000000001842.csv,SG_CSV0000000000000925.csv,No
SG_CSV0000000000001407.csv,SG_CSV0000000000000925.csv,No
SG_CSV0000000000001184.csv,SG_CSV0000000000000925.csv,No
SG_CSV0000000000000066.csv,SG_CSV0000000000000925.csv,No
SG_CSV0000000000001010.csv,SG_CSV0000000000000925.csv,No
SG_CSV0000000000001131.csv,SG_CSV0000000000000925.csv,No
SG_CSV0000000000001173.csv,SG_CSV0000000000000925.csv,No
SG_CSV0000000000000833.csv,SG_CSV0000000000000925.csv,No
SG_CSV0000000000000714.csv,SG_CSV0000000000000925.csv,No
SG_CSV0000000000001939.csv,SG_CSV0000000000000925.csv,No
SG_CSV0000000000000150.csv,SG_CSV0000000000000925.csv,No
SG_CSV0000000000001280.csv,SG_CSV0000000000000925.csv,No
SG_CSV0000000000000491.csv,SG_CSV0000000000000925.csv,No
SG_CSV0000000000000437.csv,SG_CSV0000000000000925.csv,No
SG_CSV0000000000000063.csv,SG_CSV0000000000000925.csv,No
SG_CSV0000000000001931.csv,SG_CSV0000000000000925.csv,No
SG_CSV0000000000001958.csv,SG_CSV0000000000000925.csv,No
SG_CSV0000000000001438.csv,SG_CSV0000000000000925.csv,No
SG_CSV0000000000000465.csv,SG_CSV0000000000000925.csv,No
SG_CSV0000000000001453.csv,SG_CSV0000000000000925.csv,No
SG_CSV0000000000000199.csv,SG_CSV0000000000000925.csv,No
SG_CSV0000000000001653.csv,SG_CSV0000000000000925.csv,No
SG_CSV0000000000001758.csv,SG_CSV0000000000000925.csv,No
SG_CSV0000000000001240.csv,SG_CSV0000000000000925.csv,No
SG_CSV0000000000001376.csv,SG_CSV0000000000000925.csv,No
SG_CSV0000000000001111.csv,SG_CSV0000000000000925.csv,No
SG_CSV0000000000001936.csv,SG_CSV0000000000000925.csv,No
SG_CSV0000000000000536.csv,SG_CSV0000000000000925.csv,No
SG_CSV0000000000000847.csv,SG_CSV0000000000000925.csv,No
SG_CSV0000000000000108.csv,SG_CSV0000000000000925.csv,No
SG_CSV0000000000000433.csv,SG_CSV0000000000000925.csv,No
SG_CSV0000000000000599.csv,SG_CSV0000000000000925.csv,No
SG_CSV0000000000001294.csv,SG_CSV0000000000000925.csv,No
SG_CSV0000000000001914.csv,SG_CSV0000000000000925.csv,No
SG_CSV0000000000000910.csv,SG_CSV0000000000000925.csv,No
SG_CSV0000000000000107.csv,SG_CSV0000000000000925.csv,No
SG_CSV0000000000001100.csv,SG_CSV0000000000000925.csv,No
SG_CSV0000000000000017.csv,SG_CSV0000000000000925.csv,No
SG_CSV0000000000001235.csv,SG_CSV0000000000000925.csv,No
SG_CSV0000000000001771.csv,SG_CSV0000000000000925.csv,No
SG_CSV0000000000000440.csv,SG_CSV0000000000000925.csv,Yes
SG_CSV0000000000001787.csv,SG_CSV0000000000000925.csv,No
SG_CSV0000000000000593.csv,SG_CSV0000000000000925.csv,No
SG_CSV0000000000001532.csv,SG_CSV0000000000000925.csv,No
SG_CSV0000000000001276.csv,SG_CSV0000000000000925.csv,No
SG_CSV0000000000000072.csv,SG_CSV0000000000000925.csv,No
SG_CSV0000000000000570.csv,SG_CSV0000000000000925.csv,No
SG_CSV0000000000000658.csv,SG_CSV0000000000000925.csv,No
SG_CSV0000000000000827.csv,SG_CSV0000000000000925.csv,No
SG_CSV0000000000000483.csv,SG_CSV0000000000000925.csv,No
SG_CSV0000000000001425.csv,SG_CSV0000000000000925.csv,No
SG_CSV0000000000000243.csv,SG_CSV0000000000000925.csv,No
SG_CSV0000000000000290.csv,SG_CSV0000000000000925.csv,No
SG_CSV0000000000000645.csv,SG_CSV0000000000000925.csv,No
SG_CSV0000000000001342.csv,SG_CSV0000000000000925.csv,No
SG_CSV0000000000001390.csv,SG_CSV0000000000000925.csv,No
SG_CSV0000000000001011.csv,SG_CSV0000000000000925.csv,No
SG_CSV0000000000001711.csv,SG_CSV0000000000000925.csv,No
SG_CSV0000000000001265.csv,SG_CSV0000000000000925.csv,No
SG_CSV0000000000001168.csv,SG_CSV0000000000000925.csv,No
SG_CSV0000000000000690.csv,SG_CSV0000000000000925.csv,No
SG_CSV0000000000001372.csv,SG_CSV0000000000000925.csv,No
SG_CSV0000000000000363.csv,SG_CSV0000000000000925.csv,No
SG_CSV0000000000000965.csv,SG_CSV0000000000000925.csv,No
SG_CSV0000000000000067.csv,SG_CSV0000000000000925.csv,No
SG_CSV0000000000000186.csv,SG_CSV0000000000000925.csv,No
SG_CSV0000000000000149.csv,SG_CSV0000000000000925.csv,No
SG_CSV0000000000000766.csv,SG_CSV0000000000000925.csv,No
SG_CSV0000000000000074.csv,SG_CSV0000000000000925.csv,No
SG_CSV0000000000000111.csv,SG_CSV0000000000000925.csv,No
SG_CSV0000000000001051.csv,SG_CSV0000000000000925.csv,No
SG_CSV0000000000000403.csv,SG_CSV0000000000000925.csv,No
SG_CSV0000000000001099.csv,SG_CSV0000000000000925.csv,No
SG_CSV0000000000001668.csv,SG_CSV0000000000000925.csv,No
SG_CSV0000000000000902.csv,SG_CSV0000000000000925.csv,No
SG_CSV0000000000000272.csv,SG_CSV0000000000000925.csv,No
SG_CSV0000000000001320.csv,SG_CSV0000000000000925.csv,No
SG_CSV0000000000001371.csv,SG_CSV0000000000000925.csv,No
SG_CSV0000000000000811.csv,SG_CSV0000000000000925.csv,No
SG_CSV0000000000000639.csv,SG_CSV0000000000000925.csv,No
SG_CSV0000000000000119.csv,SG_CSV0000000000000925.csv,No
SG_CSV0000000000000496.csv,SG_CSV0000000000000925.csv,No
SG_CSV0000000000000972.csv,SG_CSV0000000000000925.csv,No
SG_CSV0000000000000997.csv,SG_CSV0000000000000925.csv,No
SG_CSV0000000000001979.csv,SG_CSV0000000000000925.csv,No
SG_CSV0000000000001629.csv,SG_CSV0000000000000925.csv,No
SG_CSV0000000000001290.csv,SG_CSV0000000000000925.csv,No
SG_CSV0000000000000097.csv,SG_CSV0000000000000925.csv,No
SG_CSV0000000000000070.csv,SG_CSV0000000000000925.csv,No
SG_CSV0000000000000239.csv,SG_CSV0000000000000925.csv,No
SG_CSV0000000000001832.csv,SG_CSV0000000000000925.csv,No
SG_CSV0000000000001439.csv,SG_CSV0000000000000925.csv,No
SG_CSV0000000000001935.csv,SG_CSV0000000000000925.csv,No
SG_CSV0000000000000091.csv,SG_CSV0000000000000925.csv,No
SG_CSV0000000000001981.csv,SG_CSV0000000000000925.csv,No
SG_CSV0000000000000978.csv,SG_CSV0000000000000925.csv,No
SG_CSV0000000000001818.csv,SG_CSV0000000000000925.csv,No
SG_CSV0000000000001873.csv,SG_CSV0000000000000925.csv,No
SG_CSV0000000000000879.csv,SG_CSV0000000000000925.csv,No
SG_CSV0000000000000003.csv,SG_CSV0000000000000925.csv,No
SG_CSV0000000000000697.csv,SG_CSV0000000000000925.csv,No
SG_CSV0000000000000026.csv,SG_CSV0000000000000925.csv,No
SG_CSV0000000000000461.csv,SG_CSV0000000000000925.csv,No
SG_CSV0000000000001036.csv,SG_CSV0000000000000925.csv,No
SG_CSV0000000000001309.csv,SG_CSV0000000000000925.csv,No
SG_CSV0000000000001019.csv,SG_CSV0000000000000925.csv,No
SG_CSV0000000000001150.csv,SG_CSV0000000000000925.csv,No
SG_CSV0000000000000998.csv,SG_CSV0000000000000925.csv,No
SG_CSV0000000000001657.csv,SG_CSV0000000000000925.csv,No
SG_CSV0000000000000334.csv,SG_CSV0000000000000925.csv,No
SG_CSV0000000000000219.csv,SG_CSV0000000000000925.csv,No
SG_CSV0000000000001374.csv,SG_CSV0000000000000925.csv,No
SG_CSV0000000000000370.csv,SG_CSV0000000000000925.csv,No
SG_CSV0000000000000113.csv,SG_CSV0000000000000925.csv,No
SG_CSV0000000000000657.csv,SG_CSV0000000000000925.csv,No
SG_CSV0000000000000495.csv,SG_CSV0000000000000925.csv,No
SG_CSV0000000000001874.csv,SG_CSV0000000000000925.csv,No
SG_CSV0000000000001947.csv,SG_CSV0000000000000925.csv,No
SG_CSV0000000000000073.csv,SG_CSV0000000000000925.csv,No
SG_CSV0000000000000365.csv,SG_CSV0000000000000925.csv,No
SG_CSV0000000000001179.csv,SG_CSV0000000000000925.csv,No
SG_CSV0000000000000114.csv,SG_CSV0000000000000925.csv,No
SG_CSV0000000000001166.csv,SG_CSV0000000000000925.csv,No
SG_CSV0000000000000368.csv,SG_CSV0000000000000925.csv,No
SG_CSV0000000000001756.csv,SG_CSV0000000000000925.csv,No
SG_CSV0000000000000747.csv,SG_CSV0000000000000925.csv,No
SG_CSV0000000000001956.csv,SG_CSV0000000000000925.csv,No
SG_CSV0000000000000092.csv,SG_CSV0000000000000925.csv,No
SG_CSV0000000000001127.csv,SG_CSV0000000000000925.csv,No
SG_CSV0000000000000970.csv,SG_CSV0000000000000925.csv,No
SG_CSV0000000000001898.csv,SG_CSV0000000000000925.csv,No
SG_CSV0000000000000029.csv,SG_CSV0000000000000925.csv,No
SG_CSV0000000000001117.csv,SG_CSV0000000000000925.csv,No
SG_CSV0000000000000392.csv,SG_CSV0000000000000925.csv,No
SG_CSV0000000000001774.csv,SG_CSV0000000000000925.csv,No
SG_CSV0000000000001456.csv,SG_CSV0000000000000925.csv,No
SG_CSV0000000000000193.csv,SG_CSV0000000000000925.csv,No
SG_CSV0000000000001289.csv,SG_CSV0000000000000925.csv,No
SG_CSV0000000000001930.csv,SG_CSV0000000000000925.csv,No
SG_CSV0000000000001635.csv,SG_CSV0000000000000925.csv,No
SG_CSV0000000000001236.csv,SG_CSV0000000000000925.csv,No
SG_CSV0000000000000299.csv,SG_CSV0000000000000925.csv,No
SG_CSV0000000000000880.csv,SG_CSV0000000000000925.csv,No
SG_CSV0000000000000961.csv,SG_CSV0000000000000925.csv,No
SG_CSV0000000000000987.csv,SG_CSV0000000000000925.csv,No
SG_CSV0000000000001747.csv,SG_CSV0000000000000925.csv,No
SG_CSV0000000000000049.csv,SG_CSV0000000000000925.csv,No
SG_CSV0000000000000648.csv,SG_CSV0000000000000925.csv,No
SG_CSV0000000000000966.csv,SG_CSV0000000000000925.csv,No
SG_CSV0000000000001091.csv,SG_CSV0000000000000925.csv,No
SG_CSV0000000000001274.csv,SG_CSV0000000000000925.csv,No
SG_CSV0000000000001744.csv,SG_CSV0000000000000925.csv,No
SG_CSV0000000000001285.csv,SG_CSV0000000000000925.csv,No
SG_CSV0000000000000280.csv,SG_CSV0000000000000925.csv,No
SG_CSV0000000000001661.csv,SG_CSV0000000000000925.csv,No
SG_CSV0000000000000695.csv,SG_CSV0000000000000925.csv,No
SG_CSV0000000000000109.csv,SG_CSV0000000000000925.csv,No
SG_CSV0000000000000567.csv,SG_CSV0000000000000925.csv,No
SG_CSV0000000000001242.csv,SG_CSV0000000000000925.csv,No
SG_CSV0000000000001904.csv,SG_CSV0000000000000925.csv,No
SG_CSV0000000000000398.csv,SG_CSV0000000000000925.csv,No
SG_CSV0000000000000797.csv,SG_CSV0000000000000925.csv,No
SG_CSV0000000000000942.csv,SG_CSV0000000000000925.csv,No
SG_CSV0000000000000805.csv,SG_CSV0000000000000925.csv,No
SG_CSV0000000000001080.csv,SG_CSV0000000000000925.csv,No
SG_CSV0000000000001814.csv,SG_CSV0000000000000925.csv,No
SG_CSV0000000000000711.csv,SG_CSV0000000000000925.csv,No
SG_CSV0000000000000054.csv,SG_CSV0000000000000925.csv,No
SG_CSV0000000000001784.csv,SG_CSV0000000000000925.csv,No
SG_CSV0000000000000685.csv,SG_CSV0000000000000925.csv,No
SG_CSV0000000000000045.csv,SG_CSV0000000000000925.csv,No
SG_CSV0000000000001658.csv,SG_CSV0000000000000925.csv,No
SG_CSV0000000000001006.csv,SG_CSV0000000000000925.csv,No
SG_CSV0000000000000112.csv,SG_CSV0000000000000925.csv,No
SG_CSV0000000000001394.csv,SG_CSV0000000000000925.csv,No
SG_CSV0000000000001087.csv,SG_CSV0000000000000925.csv,No
SG_CSV0000000000000008.csv,SG_CSV0000000000000925.csv,No
SG_CSV0000000000000157.csv,SG_CSV0000000000000925.csv,No
SG_CSV0000000000000355.csv,SG_CSV0000000000000925.csv,No
SG_CSV0000000000000502.csv,SG_CSV0000000000000925.csv,No
SG_CSV0000000000000867.csv,SG_CSV0000000000000925.csv,No
SG_CSV0000000000001182.csv,SG_CSV0000000000000925.csv,No
SG_CSV0000000000001712.csv,SG_CSV0000000000000925.csv,No
SG_CSV0000000000001089.csv,SG_CSV0000000000000925.csv,No
SG_CSV0000000000000106.csv,SG_CSV0000000000000925.csv,No
SG_CSV0000000000000261.csv,SG_CSV0000000000000925.csv,No
SG_CSV0000000000001826.csv,SG_CSV0000000000000925.csv,No
SG_CSV0000000000001045.csv,SG_CSV0000000000000925.csv,No
SG_CSV0000000000000943.csv,SG_CSV0000000000000925.csv,No
SG_CSV0000000000001353.csv,SG_CSV0000000000000925.csv,No
SG_CSV0000000000001885.csv,SG_CSV0000000000000925.csv,No
SG_CSV0000000000001708.csv,SG_CSV0000000000000925.csv,No
SG_CSV0000000000000914.csv,SG_CSV0000000000000925.csv,No
SG_CSV0000000000001105.csv,SG_CSV0000000000000925.csv,No
SG_CSV0000000000000759.csv,SG_CSV0000000000000925.csv,No
SG_CSV0000000000000252.csv,SG_CSV0000000000000925.csv,No
SG_CSV0000000000001092.csv,SG_CSV0000000000000925.csv,No
SG_CSV0000000000001396.csv,SG_CSV0000000000000925.csv,No
SG_CSV0000000000001632.csv,SG_CSV0000000000000925.csv,No
SG_CSV0000000000001293.csv,SG_CSV0000000000000925.csv,No
SG_CSV0000000000001339.csv,SG_CSV0000000000000925.csv,No
SG_CSV0000000000000967.csv,SG_CSV0000000000000925.csv,No
SG_CSV0000000000001639.csv,SG_CSV0000000000000925.csv,No
SG_CSV0000000000000535.csv,SG_CSV0000000000000925.csv,No
SG_CSV0000000000000976.csv,SG_CSV0000000000000925.csv,No
SG_CSV0000000000001385.csv,SG_CSV0000000000000925.csv,No
SG_CSV0000000000001382.csv,SG_CSV0000000000000925.csv,No
SG_CSV0000000000000206.csv,SG_CSV0000000000000925.csv,No
SG_CSV0000000000001966.csv,SG_CSV0000000000000925.csv,No
SG_CSV0000000000000652.csv,SG_CSV0000000000000925.csv,No
SG_CSV0000000000000287.csv,SG_CSV0000000000000925.csv,No
SG_CSV0000000000000298.csv,SG_CSV0000000000000925.csv,No
SG_CSV0000000000000520.csv,SG_CSV0000000000000925.csv,No
SG_CSV0000000000001449.csv,SG_CSV0000000000000925.csv,No
SG_CSV0000000000000631.csv,SG_CSV0000000000000925.csv,No
SG_CSV0000000000000358.csv,SG_CSV0000000000000925.csv,No
SG_CSV0000000000000291.csv,SG_CSV0000000000000925.csv,No
SG_CSV0000000000000907.csv,SG_CSV0000000000000925.csv,No
SG_CSV0000000000001367.csv,SG_CSV0000000000000925.csv,No
SG_CSV0000000000001074.csv,SG_CSV0000000000000925.csv,No
SG_CSV0000000000000673.csv,SG_CSV0000000000000925.csv,No
SG_CSV0000000000001348.csv,SG_CSV0000000000000925.csv,No
SG_CSV0000000000001314.csv,SG_CSV0000000000000925.csv,No
SG_CSV0000000000000089.csv,SG_CSV0000000000000925.csv,No
SG_CSV0000000000000939.csv,SG_CSV0000000000000925.csv,No
SG_CSV0000000000000344.csv,SG_CSV0000000000000925.csv,No
SG_CSV0000000000000333.csv,SG_CSV0000000000000925.csv,No
SG_CSV0000000000001859.csv,SG_CSV0000000000000925.csv,No
SG_CSV0000000000000203.csv,SG_CSV0000000000000925.csv,No
SG_CSV0000000000000959.csv,SG_CSV0000000000000925.csv,No
SG_CSV0000000000001305.csv,SG_CSV0000000000000925.csv,No
SG_CSV0000000000000256.csv,SG_CSV0000000000000925.csv,No
SG_CSV0000000000001789.csv,SG_CSV0000000000000925.csv,No
SG_CSV0000000000000947.csv,SG_CSV0000000000000925.csv,No
SG_CSV0000000000000823.csv,SG_CSV0000000000000925.csv,No
SG_CSV0000000000000994.csv,SG_CSV0000000000000925.csv,No
SG_CSV0000000000001028.csv,SG_CSV0000000000000925.csv,No
SG_CSV0000000000000383.csv,SG_CSV0000000000000925.csv,No
SG_CSV0000000000000233.csv,SG_CSV0000000000000925.csv,No
SG_CSV0000000000001147.csv,SG_CSV0000000000000925.csv,No
SG_CSV0000000000001812.csv,SG_CSV0000000000000925.csv,No
SG_CSV0000000000000402.csv,SG_CSV0000000000000925.csv,No
SG_CSV0000000000001665.csv,SG_CSV0000000000000925.csv,No
SG_CSV0000000000001002.csv,SG_CSV0000000000000925.csv,No
SG_CSV0000000000001341.csv,SG_CSV0000000000000925.csv,No
SG_CSV0000000000000281.csv,SG_CSV0000000000000925.csv,No
SG_CSV0000000000001796.csv,SG_CSV0000000000000925.csv,No
SG_CSV0000000000000460.csv,SG_CSV0000000000000925.csv,No
SG_CSV0000000000001098.csv,SG_CSV0000000000000925.csv,No
SG_CSV0000000000001375.csv,SG_CSV0000000000000925.csv,No
SG_CSV0000000000001838.csv,SG_CSV0000000000000925.csv,No
SG_CSV0000000000001713.csv,SG_CSV0000000000000925.csv,No
SG_CSV0000000000001218.csv,SG_CSV0000000000000925.csv,No
SG_CSV0000000000001951.csv,SG_CSV0000000000000925.csv,No
SG_CSV0000000000000721.csv,SG_CSV0000000000000925.csv,No
SG_CSV0000000000001656.csv,SG_CSV0000000000000925.csv,No
SG_CSV0000000000000782.csv,SG_CSV0000000000000925.csv,No
SG_CSV0000000000000128.csv,SG_CSV0000000000000925.csv,No
SG_CSV0000000000001531.csv,SG_CSV0000000000000925.csv,No
SG_CSV0000000000001738.csv,SG_CSV0000000000000925.csv,No
SG_CSV0000000000001004.csv,SG_CSV0000000000000925.csv,No
SG_CSV0000000000001097.csv,SG_CSV0000000000000925.csv,No
SG_CSV0000000000000217.csv,SG_CSV0000000000000925.csv,No
SG_CSV0000000000000806.csv,SG_CSV0000000000000925.csv,No
SG_CSV0000000000000331.csv,SG_CSV0000000000000925.csv,No
SG_CSV0000000000000006.csv,SG_CSV0000000000000925.csv,No
SG_CSV0000000000000404.csv,SG_CSV0000000000000925.csv,No
SG_CSV0000000000001196.csv,SG_CSV0000000000000925.csv,No
SG_CSV0000000000001892.csv,SG_CSV0000000000000925.csv,No
SG_CSV0000000000001798.csv,SG_CSV0000000000000925.csv,No
SG_CSV0000000000000335.csv,SG_CSV0000000000000925.csv,No
SG_CSV0000000000001933.csv,SG_CSV0000000000000925.csv,No
SG_CSV0000000000001183.csv,SG_CSV0000000000000925.csv,No
SG_CSV0000000000001020.csv,SG_CSV0000000000000925.csv,No
SG_CSV0000000000001270.csv,SG_CSV0000000000000925.csv,No
SG_CSV0000000000000273.csv,SG_CSV0000000000000925.csv,No
SG_CSV0000000000000917.csv,SG_CSV0000000000000925.csv,No
SG_CSV0000000000001765.csv,SG_CSV0000000000000925.csv,No
SG_CSV0000000000000068.csv,SG_CSV0000000000000925.csv,No
SG_CSV0000000000000945.csv,SG_CSV0000000000000925.csv,No
SG_CSV0000000000001013.csv,SG_CSV0000000000000925.csv,No
SG_CSV0000000000000345.csv,SG_CSV0000000000000925.csv,No
SG_CSV0000000000001177.csv,SG_CSV0000000000000925.csv,No
SG_CSV0000000000001319.csv,SG_CSV0000000000000925.csv,No
SG_CSV0000000000001377.csv,SG_CSV0000000000000925.csv,No
SG_CSV0000000000001937.csv,SG_CSV0000000000000925.csv,No
SG_CSV0000000000000911.csv,SG_CSV0000000000000925.csv,No
SG_CSV0000000000000373.csv,SG_CSV0000000000000925.csv,No
SG_CSV0000000000000804.csv,SG_CSV0000000000000925.csv,No
SG_CSV0000000000001852.csv,SG_CSV0000000000000925.csv,No
SG_CSV0000000000000046.csv,SG_CSV0000000000000925.csv,No
SG_CSV0000000000000421.csv,SG_CSV0000000000000925.csv,No
SG_CSV0000000000000488.csv,SG_CSV0000000000000925.csv,No
SG_CSV0000000000000457.csv,SG_CSV0000000000000925.csv,No
SG_CSV0000000000001662.csv,SG_CSV0000000000000925.csv,No
SG_CSV0000000000000990.csv,SG_CSV0000000000000925.csv,No
SG_CSV0000000000000455.csv,SG_CSV0000000000000925.csv,No
SG_CSV0000000000000503.csv,SG_CSV0000000000000925.csv,No
SG_CSV0000000000000489.csv,SG_CSV0000000000000925.csv,No
SG_CSV0000000000001016.csv,SG_CSV0000000000000925.csv,No
SG_CSV0000000000000420.csv,SG_CSV0000000000000925.csv,No
SG_CSV0000000000001157.csv,SG_CSV0000000000000925.csv,No
SG_CSV0000000000000610.csv,SG_CSV0000000000000925.csv,No
SG_CSV0000000000001896.csv,SG_CSV0000000000000925.csv,No
SG_CSV0000000000000968.csv,SG_CSV0000000000000925.csv,No
SG_CSV0000000000001224.csv,SG_CSV0000000000000925.csv,No
SG_CSV0000000000000753.csv,SG_CSV0000000000000925.csv,No
SG_CSV0000000000001922.csv,SG_CSV0000000000000925.csv,No
SG_CSV0000000000001038.csv,SG_CSV0000000000000925.csv,No
SG_CSV0000000000000190.csv,SG_CSV0000000000000925.csv,No
SG_CSV0000000000001680.csv,SG_CSV0000000000000925.csv,No
SG_CSV0000000000000585.csv,SG_CSV0000000000000925.csv,No
SG_CSV0000000000000351.csv,SG_CSV0000000000000925.csv,No
SG_CSV0000000000001940.csv,SG_CSV0000000000000925.csv,No
SG_CSV0000000000000439.csv,SG_CSV0000000000000925.csv,No
SG_CSV0000000000001932.csv,SG_CSV0000000000000925.csv,No
SG_CSV0000000000001114.csv,SG_CSV0000000000000925.csv,No
SG_CSV0000000000001685.csv,SG_CSV0000000000000925.csv,No
SG_CSV0000000000001148.csv,SG_CSV0000000000000925.csv,No
SG_CSV0000000000000739.csv,SG_CSV0000000000000925.csv,No
SG_CSV0000000000001923.csv,SG_CSV0000000000000925.csv,No
SG_CSV0000000000001213.csv,SG_CSV0000000000000925.csv,No
SG_CSV0000000000001800.csv,SG_CSV0000000000000925.csv,No
SG_CSV0000000000001214.csv,SG_CSV0000000000000925.csv,No
SG_CSV0000000000000322.csv,SG_CSV0000000000000925.csv,No
SG_CSV0000000000000710.csv,SG_CSV0000000000000925.csv,No
SG_CSV0000000000001316.csv,SG_CSV0000000000000925.csv,No
SG_CSV0000000000001786.csv,SG_CSV0000000000000925.csv,No
SG_CSV0000000000000143.csv,SG_CSV0000000000000925.csv,No
SG_CSV0000000000000624.csv,SG_CSV0000000000000925.csv,No
SG_CSV0000000000001423.csv,SG_CSV0000000000000925.csv,No
SG_CSV0000000000001659.csv,SG_CSV0000000000000925.csv,No
SG_CSV0000000000000486.csv,SG_CSV0000000000000925.csv,No
SG_CSV0000000000000844.csv,SG_CSV0000000000000925.csv,No
SG_CSV0000000000000007.csv,SG_CSV0000000000000925.csv,No
SG_CSV0000000000001370.csv,SG_CSV0000000000000925.csv,No
SG_CSV0000000000001402.csv,SG_CSV0000000000000925.csv,No
SG_CSV0000000000000542.csv,SG_CSV0000000000000925.csv,No
SG_CSV0000000000000250.csv,SG_CSV0000000000000925.csv,No
SG_CSV0000000000001926.csv,SG_CSV0000000000000925.csv,No
SG_CSV0000000000000578.csv,SG_CSV0000000000000925.csv,No
SG_CSV0000000000000297.csv,SG_CSV0000000000000925.csv,No
SG_CSV0000000000001654.csv,SG_CSV0000000000000925.csv,No
SG_CSV0000000000001313.csv,SG_CSV0000000000000925.csv,No
SG_CSV0000000000000964.csv,SG_CSV0000000000000925.csv,No
SG_CSV0000000000000586.csv,SG_CSV0000000000000925.csv,No
SG_CSV0000000000000553.csv,SG_CSV0000000000000925.csv,No
SG_CSV0000000000000877.csv,SG_CSV0000000000000925.csv,No
SG_CSV0000000000000955.csv,SG_CSV0000000000000925.csv,No
SG_CSV0000000000001586.csv,SG_CSV0000000000000925.csv,No
SG_CSV0000000000001929.csv,SG_CSV0000000000000925.csv,No
SG_CSV0000000000001841.csv,SG_CSV0000000000000925.csv,No
SG_CSV0000000000000462.csv,SG_CSV0000000000000925.csv,No
SG_CSV0000000000000037.csv,SG_CSV0000000000000925.csv,No
SG_CSV0000000000001267.csv,SG_CSV0000000000000925.csv,No
SG_CSV0000000000001231.csv,SG_CSV0000000000000925.csv,No
SG_CSV0000000000001271.csv,SG_CSV0000000000000925.csv,No
SG_CSV0000000000000763.csv,SG_CSV0000000000000925.csv,No
SG_CSV0000000000000497.csv,SG_CSV0000000000000925.csv,No
SG_CSV0000000000001077.csv,SG_CSV0000000000000925.csv,No
SG_CSV0000000000001964.csv,SG_CSV0000000000000925.csv,No
SG_CSV0000000000001269.csv,SG_CSV0000000000000925.csv,No
SG_CSV0000000000001646.csv,SG_CSV0000000000000925.csv,No
SG_CSV0000000000001795.csv,SG_CSV0000000000000925.csv,No
SG_CSV0000000000001044.csv,SG_CSV0000000000000925.csv,No
SG_CSV0000000000000960.csv,SG_CSV0000000000000925.csv,No
SG_CSV0000000000000831.csv,SG_CSV0000000000000925.csv,No
SG_CSV0000000000001790.csv,SG_CSV0000000000000925.csv,No
SG_CSV0000000000001052.csv,SG_CSV0000000000000925.csv,No
SG_CSV0000000000001941.csv,SG_CSV0000000000000925.csv,No
SG_CSV0000000000001934.csv,SG_CSV0000000000000925.csv,No
SG_CSV0000000000000093.csv,SG_CSV0000000000000925.csv,No
SG_CSV0000000000000400.csv,SG_CSV0000000000000925.csv,No
SG_CSV0000000000000592.csv,SG_CSV0000000000000925.csv,No
SG_CSV0000000000000770.csv,SG_CSV0000000000000925.csv,No
SG_CSV0000000000000218.csv,SG_CSV0000000000000925.csv,No
SG_CSV0000000000001751.csv,SG_CSV0000000000000925.csv,No
SG_CSV0000000000001982.csv,SG_CSV0000000000000925.csv,No
SG_CSV0000000000001329.csv,SG_CSV0000000000000925.csv,No
SG_CSV0000000000000598.csv,SG_CSV0000000000000925.csv,No
SG_CSV0000000000000527.csv,SG_CSV0000000000000925.csv,No
SG_CSV0000000000000010.csv,SG_CSV0000000000000925.csv,No
SG_CSV0000000000001671.csv,SG_CSV0000000000000925.csv,No
SG_CSV0000000000000700.csv,SG_CSV0000000000000925.csv,No
SG_CSV0000000000000746.csv,SG_CSV0000000000000925.csv,No
SG_CSV0000000000000568.csv,SG_CSV0000000000000925.csv,No
SG_CSV0000000000001195.csv,SG_CSV0000000000000925.csv,No
SG_CSV0000000000000087.csv,SG_CSV0000000000000925.csv,No
SG_CSV0000000000000595.csv,SG_CSV0000000000000925.csv,No
SG_CSV0000000000000204.csv,SG_CSV0000000000000925.csv,No
SG_CSV0000000000001050.csv,SG_CSV0000000000000925.csv,No
SG_CSV0000000000000583.csv,SG_CSV0000000000000925.csv,No
SG_CSV0000000000000988.csv,SG_CSV0000000000000925.csv,No
SG_CSV0000000000001035.csv,SG_CSV0000000000000925.csv,No
SG_CSV0000000000001042.csv,SG_CSV0000000000000925.csv,No
SG_CSV0000000000000238.csv,SG_CSV0000000000000925.csv,No
SG_CSV0000000000001311.csv,SG_CSV0000000000000925.csv,No
SG_CSV0000000000001949.csv,SG_CSV0000000000000925.csv,No
SG_CSV0000000000001666.csv,SG_CSV0000000000000925.csv,No
SG_CSV0000000000000134.csv,SG_CSV0000000000000925.csv,No
SG_CSV0000000000001683.csv,SG_CSV0000000000000925.csv,No
SG_CSV0000000000000707.csv,SG_CSV0000000000000925.csv,No
SG_CSV0000000000001204.csv,SG_CSV0000000000000925.csv,No
SG_CSV0000000000001868.csv,SG_CSV0000000000000925.csv,No
SG_CSV0000000000001876.csv,SG_CSV0000000000000925.csv,No
SG_CSV0000000000001418.csv,SG_CSV0000000000000925.csv,No
SG_CSV0000000000000159.csv,SG_CSV0000000000000925.csv,No
SG_CSV0000000000000371.csv,SG_CSV0000000000000925.csv,Yes
SG_CSV0000000000001338.csv,SG_CSV0000000000000925.csv,No
SG_CSV0000000000000938.csv,SG_CSV0000000000000925.csv,No
SG_CSV0000000000000396.csv,SG_CSV0000000000000925.csv,No
SG_CSV0000000000000028.csv,SG_CSV0000000000000925.csv,No
SG_CSV0000000000000382.csv,SG_CSV0000000000000925.csv,No
SG_CSV0000000000000361.csv,SG_CSV0000000000000925.csv,No
SG_CSV0000000000001916.csv,SG_CSV0000000000000925.csv,No
SG_CSV0000000000000812.csv,SG_CSV0000000000000925.csv,No
SG_CSV0000000000001041.csv,SG_CSV0000000000000925.csv,No
SG_CSV0000000000001107.csv,SG_CSV0000000000000925.csv,No
SG_CSV0000000000000015.csv,SG_CSV0000000000000925.csv,No
SG_CSV0000000000000962.csv,SG_CSV0000000000000925.csv,No
SG_CSV0000000000001788.csv,SG_CSV0000000000000925.csv,No
SG_CSV0000000000000996.csv,SG_CSV0000000000000925.csv,No
SG_CSV0000000000000032.csv,SG_CSV0000000000000925.csv,No
SG_CSV0000000000001733.csv,SG_CSV0000000000000925.csv,No
SG_CSV0000000000000025.csv,SG_CSV0000000000000925.csv,No
SG_CSV0000000000000735.csv,SG_CSV0000000000000925.csv,No
SG_CSV0000000000001227.csv,SG_CSV0000000000000925.csv,No
SG_CSV0000000000001909.csv,SG_CSV0000000000000925.csv,No
SG_CSV0000000000001104.csv,SG_CSV0000000000000925.csv,No
SG_CSV0000000000000719.csv,SG_CSV0000000000000925.csv,No
SG_CSV0000000000001699.csv,SG_CSV0000000000000925.csv,No
SG_CSV0000000000001389.csv,SG_CSV0000000000000925.csv,No
SG_CSV0000000000001445.csv,SG_CSV0000000000000925.csv,No
SG_CSV0000000000000932.csv,SG_CSV0000000000000925.csv,No
SG_CSV0000000000000115.csv,SG_CSV0000000000000925.csv,No
SG_CSV0000000000001741.csv,SG_CSV0000000000000925.csv,No
SG_CSV0000000000000676.csv,SG_CSV0000000000000925.csv,No
SG_CSV0000000000000364.csv,SG_CSV0000000000000925.csv,No
SG_CSV0000000000001303.csv,SG_CSV0000000000000925.csv,No
SG_CSV0000000000000513.csv,SG_CSV0000000000000925.csv,No
SG_CSV0000000000001527.csv,SG_CSV0000000000000925.csv,No
SG_CSV0000000000001298.csv,SG_CSV0000000000000925.csv,No
SG_CSV0000000000001821.csv,SG_CSV0000000000000925.csv,No
SG_CSV0000000000000053.csv,SG_CSV0000000000000925.csv,No
SG_CSV0000000000001380.csv,SG_CSV0000000000000925.csv,No
SG_CSV0000000000001340.csv,SG_CSV0000000000000925.csv,No
SG_CSV0000000000000819.csv,SG_CSV0000000000000925.csv,No
SG_CSV0000000000000187.csv,SG_CSV0000000000000925.csv,No
SG_CSV0000000000001162.csv,SG_CSV0000000000000925.csv,No
SG_CSV0000000000001350.csv,SG_CSV0000000000000925.csv,No
SG_CSV0000000000000065.csv,SG_CSV0000000000000925.csv,No
SG_CSV0000000000000828.csv,SG_CSV0000000000000925.csv,No
SG_CSV0000000000001950.csv,SG_CSV0000000000000925.csv,No
SG_CSV0000000000001957.csv,SG_CSV0000000000000925.csv,No
SG_CSV0000000000001710.csv,SG_CSV0000000000000925.csv,No
SG_CSV0000000000000559.csv,SG_CSV0000000000000925.csv,No
SG_CSV0000000000000209.csv,SG_CSV0000000000000925.csv,No
SG_CSV0000000000000277.csv,SG_CSV0000000000000925.csv,No
SG_CSV0000000000000212.csv,SG_CSV0000000000000925.csv,No
SG_CSV0000000000000137.csv,SG_CSV0000000000000925.csv,No
SG_CSV0000000000001063.csv,SG_CSV0000000000000925.csv,No
SG_CSV0000000000001848.csv,SG_CSV0000000000000925.csv,No
SG_CSV0000000000000521.csv,SG_CSV0000000000000925.csv,No
SG_CSV0000000000000100.csv,SG_CSV0000000000000925.csv,No
SG_CSV0000000000000292.csv,SG_CSV0000000000000925.csv,No
SG_CSV0000000000001748.csv,SG_CSV0000000000000925.csv,No
SG_CSV0000000000001203.csv,SG_CSV0000000000000925.csv,No
SG_CSV0000000000000789.csv,SG_CSV0000000000000925.csv,No
SG_CSV0000000000000202.csv,SG_CSV0000000000000925.csv,No
SG_CSV0000000000001890.csv,SG_CSV0000000000000925.csv,No
SG_CSV0000000000001884.csv,SG_CSV0000000000000925.csv,No
SG_CSV0000000000000957.csv,SG_CSV0000000000000925.csv,No
SG_CSV0000000000001424.csv,SG_CSV0000000000000925.csv,No
SG_CSV0000000000000689.csv,SG_CSV0000000000000925.csv,No
SG_CSV0000000000000915.csv,SG_CSV0000000000000925.csv,No
SG_CSV0000000000000563.csv,SG_CSV0000000000000925.csv,No
SG_CSV0000000000000030.csv,SG_CSV0000000000000925.csv,No
SG_CSV0000000000000546.csv,SG_CSV0000000000000925.csv,No
SG_CSV0000000000001332.csv,SG_CSV0000000000000925.csv,No
SG_CSV0000000000000623.csv,SG_CSV0000000000000925.csv,No
SG_CSV0000000000000357.csv,SG_CSV0000000000000925.csv,No
SG_CSV0000000000001368.csv,SG_CSV0000000000000925.csv,No
SG_CSV0000000000000771.csv,SG_CSV0000000000000925.csv,No
SG_CSV0000000000000587.csv,SG_CSV0000000000000925.csv,No
SG_CSV0000000000001017.csv,SG_CSV0000000000000925.csv,No
SG_CSV0000000000000810.csv,SG_CSV0000000000000925.csv,No
SG_CSV0000000000001075.csv,SG_CSV0000000000000925.csv,No
SG_CSV0000000000000809.csv,SG_CSV0000000000000925.csv,No
SG_CSV0000000000001317.csv,SG_CSV0000000000000925.csv,No
SG_CSV0000000000000124.csv,SG_CSV0000000000000925.csv,No
SG_CSV0000000000000786.csv,SG_CSV0000000000000925.csv,No
SG_CSV0000000000000646.csv,SG_CSV0000000000000925.csv,No
SG_CSV0000000000000289.csv,SG_CSV0000000000000925.csv,No
SG_CSV0000000000000835.csv,SG_CSV0000000000000925.csv,No
SG_CSV0000000000001059.csv,SG_CSV0000000000000925.csv,No
SG_CSV0000000000000634.csv,SG_CSV0000000000000925.csv,No
SG_CSV0000000000001388.csv,SG_CSV0000000000000925.csv,No
SG_CSV0000000000001412.csv,SG_CSV0000000000000925.csv,No
SG_CSV0000000000000044.csv,SG_CSV0000000000000925.csv,No
SG_CSV0000000000000769.csv,SG_CSV0000000000000925.csv,No
SG_CSV0000000000000829.csv,SG_CSV0000000000000925.csv,No
SG_CSV0000000000000940.csv,SG_CSV0000000000000925.csv,No
SG_CSV0000000000000686.csv,SG_CSV0000000000000925.csv,No
SG_CSV0000000000001222.csv,SG_CSV0000000000000925.csv,No
SG_CSV0000000000001644.csv,SG_CSV0000000000000925.csv,No
SG_CSV0000000000000337.csv,SG_CSV0000000000000925.csv,No
SG_CSV0000000000001773.csv,SG_CSV0000000000000925.csv,No
SG_CSV0000000000000991.csv,SG_CSV0000000000000925.csv,No
SG_CSV0000000000000783.csv,SG_CSV0000000000000925.csv,No
SG_CSV0000000000001441.csv,SG_CSV0000000000000925.csv,No
SG_CSV0000000000001750.csv,SG_CSV0000000000000925.csv,No
SG_CSV0000000000001861.csv,SG_CSV0000000000000925.csv,No
SG_CSV0000000000000153.csv,SG_CSV0000000000000925.csv,No
SG_CSV0000000000001772.csv,SG_CSV0000000000000925.csv,No
SG_CSV0000000000000644.csv,SG_CSV0000000000000925.csv,No
SG_CSV0000000000001123.csv,SG_CSV0000000000000925.csv,No
SG_CSV0000000000000146.csv,SG_CSV0000000000000925.csv,No
SG_CSV0000000000000478.csv,SG_CSV0000000000000925.csv,No
SG_CSV0000000000001363.csv,SG_CSV0000000000000925.csv,No
SG_CSV0000000000000950.csv,SG_CSV0000000000000925.csv,No
SG_CSV0000000000001928.csv,SG_CSV0000000000000925.csv,No
SG_CSV0000000000000901.csv,SG_CSV0000000000000925.csv,No
SG_CSV0000000000001399.csv,SG_CSV0000000000000925.csv,No
SG_CSV0000000000000445.csv,SG_CSV0000000000000925.csv,No
SG_CSV0000000000001446.csv,SG_CSV0000000000000925.csv,No
SG_CSV0000000000000145.csv,SG_CSV0000000000000925.csv,No
SG_CSV0000000000000654.csv,SG_CSV0000000000000925.csv,No
SG_CSV0000000000001308.csv,SG_CSV0000000000000925.csv,No
SG_CSV0000000000000094.csv,SG_CSV0000000000000925.csv,No
SG_CSV0000000000001400.csv,SG_CSV0000000000000925.csv,No
SG_CSV0000000000000622.csv,SG_CSV0000000000000925.csv,No
SG_CSV0000000000001408.csv,SG_CSV0000000000000925.csv,No
SG_CSV0000000000001032.csv,SG_CSV0000000000000925.csv,No
SG_CSV0000000000001026.csv,SG_CSV0000000000000925.csv,No
SG_CSV0000000000000616.csv,SG_CSV0000000000000925.csv,No
SG_CSV0000000000001167.csv,SG_CSV0000000000000925.csv,No
SG_CSV0000000000001201.csv,SG_CSV0000000000000925.csv,No
SG_CSV0000000000000385.csv,SG_CSV0000000000000925.csv,No
SG_CSV0000000000001910.csv,SG_CSV0000000000000925.csv,No
SG_CSV0000000000000052.csv,SG_CSV0000000000000925.csv,No
SG_CSV0000000000000393.csv,SG_CSV0000000000000925.csv,No
SG_CSV0000000000001172.csv,SG_CSV0000000000000925.csv,No
SG_CSV0000000000000755.csv,SG_CSV0000000000000925.csv,No
SG_CSV0000000000000463.csv,SG_CSV0000000000000925.csv,No
SG_CSV0000000000001409.csv,SG_CSV0000000000000925.csv,No
SG_CSV0000000000000934.csv,SG_CSV0000000000000925.csv,No
SG_CSV0000000000001865.csv,SG_CSV0000000000000925.csv,No
SG_CSV0000000000000453.csv,SG_CSV0000000000000925.csv,No
SG_CSV0000000000001040.csv,SG_CSV0000000000000925.csv,No
SG_CSV0000000000000475.csv,SG_CSV0000000000000925.csv,No
SG_CSV0000000000001145.csv,SG_CSV0000000000000925.csv,No
SG_CSV0000000000001361.csv,SG_CSV0000000000000925.csv,No
SG_CSV0000000000000018.csv,SG_CSV0000000000000925.csv,No
SG_CSV0000000000001714.csv,SG_CSV0000000000000925.csv,Yes
SG_CSV0000000000001005.csv,SG_CSV0000000000000925.csv,No
SG_CSV0000000000000971.csv,SG_CSV0000000000000925.csv,No
SG_CSV0000000000000576.csv,SG_CSV0000000000000925.csv,No
SG_CSV0000000000000122.csv,SG_CSV0000000000000925.csv,No
SG_CSV0000000000000051.csv,SG_CSV0000000000000925.csv,No
SG_CSV0000000000001297.csv,SG_CSV0000000000000925.csv,No
SG_CSV0000000000000629.csv,SG_CSV0000000000000925.csv,No
SG_CSV0000000000000011.csv,SG_CSV0000000000000925.csv,No
SG_CSV0000000000001924.csv,SG_CSV0000000000000925.csv,No
SG_CSV0000000000001132.csv,SG_CSV0000000000000925.csv,No
SG_CSV0000000000000148.csv,SG_CSV0000000000000925.csv,No
SG_CSV0000000000000271.csv,SG_CSV0000000000000925.csv,No
SG_CSV0000000000001736.csv,SG_CSV0000000000000925.csv,No
SG_CSV0000000000000518.csv,SG_CSV0000000000000925.csv,No
SG_CSV0000000000000154.csv,SG_CSV0000000000000925.csv,No
SG_CSV0000000000000428.csv,SG_CSV0000000000000925.csv,No
SG_CSV0000000000001643.csv,SG_CSV0000000000000925.csv,No
SG_CSV0000000000000354.csv,SG_CSV0000000000000925.csv,No
SG_CSV0000000000000211.csv,SG_CSV0000000000000925.csv,No
SG_CSV0000000000001799.csv,SG_CSV0000000000000925.csv,No
SG_CSV0000000000001433.csv,SG_CSV0000000000000925.csv,No
SG_CSV0000000000001278.csv,SG_CSV0000000000000925.csv,No
SG_CSV0000000000001633.csv,SG_CSV0000000000000925.csv,No
SG_CSV0000000000001359.csv,SG_CSV0000000000000925.csv,No
SG_CSV0000000000001731.csv,SG_CSV0000000000000925.csv,No
SG_CSV0000000000000244.csv,SG_CSV0000000000000925.csv,No
SG_CSV0000000000000814.csv,SG_CSV0000000000000925.csv,No
SG_CSV0000000000000036.csv,SG_CSV0000000000000925.csv,No
SG_CSV0000000000001840.csv,SG_CSV0000000000000925.csv,No
SG_CSV0000000000000035.csv,SG_CSV0000000000000925.csv,No
SG_CSV0000000000000324.csv,SG_CSV0000000000000925.csv,No
SG_CSV0000000000000904.csv,SG_CSV0000000000000925.csv,No
SG_CSV0000000000001770.csv,SG_CSV0000000000000925.csv,No
SG_CSV0000000000000356.csv,SG_CSV0000000000000925.csv,No
SG_CSV0000000000001455.csv,SG_CSV0000000000000925.csv,No
SG_CSV0000000000000647.csv,SG_CSV0000000000000925.csv,No
SG_CSV0000000000001144.csv,SG_CSV0000000000000925.csv,No
SG_CSV0000000000000785.csv,SG_CSV0000000000000925.csv,No
SG_CSV0000000000001364.csv,SG_CSV0000000000000925.csv,No
SG_CSV0000000000000275.csv,SG_CSV0000000000000925.csv,No
SG_CSV0000000000001277.csv,SG_CSV0000000000000925.csv,No
SG_CSV0000000000001012.csv,SG_CSV0000000000000925.csv,No
SG_CSV0000000000001024.csv,SG_CSV0000000000000925.csv,No
SG_CSV0000000000001354.csv,SG_CSV0000000000000925.csv,No
SG_CSV0000000000001891.csv,SG_CSV0000000000000925.csv,No
SG_CSV0000000000001343.csv,SG_CSV0000000000000925.csv,No
SG_CSV0000000000001676.csv,SG_CSV0000000000000925.csv,No
SG_CSV0000000000000650.csv,SG_CSV0000000000000925.csv,No
SG_CSV0000000000000582.csv,SG_CSV0000000000000925.csv,No
SG_CSV0000000000000132.csv,SG_CSV0000000000000925.csv,No
SG_CSV0000000000001373.csv,SG_CSV0000000000000925.csv,No
SG_CSV0000000000000528.csv,SG_CSV0000000000000925.csv,No
SG_CSV0000000000001410.csv,SG_CSV0000000000000925.csv,No
SG_CSV0000000000001846.csv,SG_CSV0000000000000925.csv,No
SG_CSV0000000000001186.csv,SG_CSV0000000000000925.csv,No
SG_CSV0000000000001071.csv,SG_CSV0000000000000925.csv,No
SG_CSV0000000000001729.csv,SG_CSV0000000000000925.csv,No
SG_CSV0000000000000848.csv,SG_CSV0000000000000925.csv,No
SG_CSV0000000000000232.csv,SG_CSV0000000000000925.csv,No
SG_CSV0000000000000715.csv,SG_CSV0000000000000925.csv,No
SG_CSV0000000000000560.csv,SG_CSV0000000000000925.csv,No
SG_CSV0000000000001634.csv,SG_CSV0000000000000925.csv,No
SG_CSV0000000000000205.csv,SG_CSV0000000000000925.csv,No
SG_CSV0000000000000507.csv,SG_CSV0000000000000925.csv,No
SG_CSV0000000000001043.csv,SG_CSV0000000000000925.csv,No
SG_CSV0000000000000580.csv,SG_CSV0000000000000925.csv,No
SG_CSV0000000000000649.csv,SG_CSV0000000000000925.csv,No
SG_CSV0000000000000533.csv,SG_CSV0000000000000925.csv,No
SG_CSV0000000000000687.csv,SG_CSV0000000000000925.csv,No
SG_CSV0000000000001457.csv,SG_CSV0000000000000925.csv,No
SG_CSV0000000000000466.csv,SG_CSV0000000000000925.csv,No
SG_CSV0000000000000064.csv,SG_CSV0000000000000925.csv,No
SG_CSV0000000000001379.csv,SG_CSV0000000000000925.csv,No
SG_CSV0000000000001355.csv,SG_CSV0000000000000925.csv,No
SG_CSV0000000000001349.csv,SG_CSV0000000000000925.csv,No
SG_CSV0000000000001448.csv,SG_CSV0000000000000925.csv,No
SG_CSV0000000000001326.csv,SG_CSV0000000000000925.csv,No
SG_CSV0000000000000627.csv,SG_CSV0000000000000925.csv,No
SG_CSV0000000000000936.csv,SG_CSV0000000000000925.csv,No
SG_CSV0000000000001630.csv,SG_CSV0000000000000925.csv,No
SG_CSV0000000000000027.csv,SG_CSV0000000000000925.csv,No
SG_CSV0000000000000444.csv,SG_CSV0000000000000925.csv,No
SG_CSV0000000000000590.csv,SG_CSV0000000000000925.csv,No
SG_CSV0000000000000807.csv,SG_CSV0000000000000925.csv,No
SG_CSV0000000000001739.csv,SG_CSV0000000000000925.csv,No
SG_CSV0000000000001686.csv,SG_CSV0000000000000925.csv,No
SG_CSV0000000000001959.csv,SG_CSV0000000000000925.csv,No
SG_CSV0000000000000954.csv,SG_CSV0000000000000925.csv,No
SG_CSV0000000000000194.csv,SG_CSV0000000000000925.csv,No
SG_CSV0000000000000842.csv,SG_CSV0000000000000925.csv,No
SG_CSV0000000000000306.csv,SG_CSV0000000000000925.csv,No
SG_CSV0000000000001816.csv,SG_CSV0000000000000925.csv,No
SG_CSV0000000000001281.csv,SG_CSV0000000000000925.csv,No
SG_CSV0000000000001226.csv,SG_CSV0000000000000925.csv,No
SG_CSV0000000000000767.csv,SG_CSV0000000000000925.csv,No
SG_CSV0000000000000447.csv,SG_CSV0000000000000925.csv,No
SG_CSV0000000000000777.csv,SG_CSV0000000000000925.csv,No
SG_CSV0000000000000419.csv,SG_CSV0000000000000925.csv,No
SG_CSV0000000000000979.csv,SG_CSV0000000000000925.csv,No
SG_CSV0000000000001824.csv,SG_CSV0000000000000925.csv,No
SG_CSV0000000000000019.csv,SG_CSV0000000000000925.csv,No
SG_CSV0000000000000935.csv,SG_CSV0000000000000925.csv,No
SG_CSV0000000000000432.csv,SG_CSV0000000000000925.csv,No
SG_CSV0000000000001310.csv,SG_CSV0000000000000925.csv,No
SG_CSV0000000000001094.csv,SG_CSV0000000000000925.csv,No
SG_CSV0000000000000303.csv,SG_CSV0000000000000925.csv,No
SG_CSV0000000000000992.csv,SG_CSV0000000000000925.csv,No
SG_CSV0000000000000702.csv,SG_CSV0000000000000925.csv,No
SG_CSV0000000000000141.csv,SG_CSV0000000000000925.csv,No
SG_CSV0000000000001046.csv,SG_CSV0000000000000925.csv,No
SG_CSV0000000000000562.csv,SG_CSV0000000000000925.csv,No
SG_CSV0000000000000104.csv,SG_CSV0000000000000925.csv,No
SG_CSV0000000000001752.csv,SG_CSV0000000000000925.csv,No
SG_CSV0000000000000468.csv,SG_CSV0000000000000925.csv,No
SG_CSV0000000000001820.csv,SG_CSV0000000000000925.csv,No
SG_CSV0000000000000161.csv,SG_CSV0000000000000925.csv,No
SG_CSV0000000000000401.csv,SG_CSV0000000000000925.csv,No
SG_CSV0000000000001628.csv,SG_CSV0000000000000925.csv,No
SG_CSV0000000000001272.csv,SG_CSV0000000000000925.csv,No
SG_CSV0000000000000596.csv,SG_CSV0000000000000925.csv,No
SG_CSV0000000000000816.csv,SG_CSV0000000000000925.csv,No
SG_CSV0000000000000349.csv,SG_CSV0000000000000925.csv,No
SG_CSV0000000000001791.csv,SG_CSV0000000000000925.csv,No
SG_CSV0000000000000262.csv,SG_CSV0000000000000925.csv,No
SG_CSV0000000000000459.csv,SG_CSV0000000000000925.csv,No
SG_CSV0000000000000537.csv,SG_CSV0000000000000925.csv,No
SG_CSV0000000000001743.csv,SG_CSV0000000000000925.csv,No
SG_CSV0000000000000912.csv,SG_CSV0000000000000925.csv,No
SG_CSV0000000000001734.csv,SG_CSV0000000000000925.csv,No
SG_CSV0000000000000561.csv,SG_CSV0000000000000925.csv,No
SG_CSV0000000000001808.csv,SG_CSV0000000000000925.csv,No
SG_CSV0000000000000813.csv,SG_CSV0000000000000925.csv,No
SG_CSV0000000000001886.csv,SG_CSV0000000000000925.csv,No
SG_CSV0000000000001398.csv,SG_CSV0000000000000925.csv,No
SG_CSV0000000000000191.csv,SG_CSV0000000000000925.csv,No
SG_CSV0000000000001700.csv,SG_CSV0000000000000925.csv,No
SG_CSV0000000000001715.csv,SG_CSV0000000000000925.csv,No
SG_CSV0000000000000397.csv,SG_CSV0000000000000925.csv,No
SG_CSV0000000000001336.csv,SG_CSV0000000000000925.csv,No
SG_CSV0000000000001911.csv,SG_CSV0000000000000925.csv,No
SG_CSV0000000000001737.csv,SG_CSV0000000000000925.csv,No
SG_CSV0000000000001946.csv,SG_CSV0000000000000925.csv,No
SG_CSV0000000000001346.csv,SG_CSV0000000000000925.csv,No
SG_CSV0000000000001905.csv,SG_CSV0000000000000925.csv,No
SG_CSV0000000000000005.csv,SG_CSV0000000000000925.csv,No
SG_CSV0000000000001833.csv,SG_CSV0000000000000925.csv,No
SG_CSV0000000000000341.csv,SG_CSV0000000000000925.csv,No
SG_CSV0000000000000726.csv,SG_CSV0000000000000925.csv,No
SG_CSV0000000000000050.csv,SG_CSV0000000000000925.csv,No
SG_CSV0000000000000071.csv,SG_CSV0000000000000925.csv,No
SG_CSV0000000000000925.csv,SG_CSV0000000000001803.csv,No
SG_CSV0000000000000925.csv,SG_CSV0000000000001142.csv,No
SG_CSV0000000000000925.csv,SG_CSV0000000000001436.csv,No
SG_CSV0000000000000925.csv,SG_CSV0000000000000545.csv,No
SG_CSV0000000000000925.csv,SG_CSV0000000000000022.csv,No
SG_CSV0000000000000925.csv,SG_CSV0000000000000102.csv,No
SG_CSV0000000000000925.csv,SG_CSV0000000000001450.csv,No
SG_CSV0000000000000925.csv,SG_CSV0000000000000438.csv,No
SG_CSV0000000000000925.csv,SG_CSV0000000000001428.csv,No
SG_CSV0000000000000925.csv,SG_CSV0000000000000691.csv,No
SG_CSV0000000000000925.csv,SG_CSV0000000000000909.csv,No
SG_CSV0000000000000925.csv,SG_CSV0000000000000286.csv,No
SG_CSV0000000000000925.csv,SG_CSV0000000000001067.csv,No
SG_CSV0000000000000925.csv,SG_CSV0000000000001315.csv,No
SG_CSV0000000000000925.csv,SG_CSV0000000000000948.csv,No
SG_CSV0000000000000925.csv,SG_CSV0000000000000043.csv,No
SG_CSV0000000000000925.csv,SG_CSV0000000000000192.csv,No
SG_CSV0000000000000925.csv,SG_CSV0000000000000394.csv,No
SG_CSV0000000000000925.csv,SG_CSV0000000000000758.csv,No
SG_CSV0000000000000925.csv,SG_CSV0000000000001759.csv,No
SG_CSV0000000000000925.csv,SG_CSV0000000000000696.csv,No
SG_CSV0000000000000925.csv,SG_CSV0000000000000575.csv,No
SG_CSV0000000000000925.csv,SG_CSV0000000000001237.csv,No
SG_CSV0000000000000925.csv,SG_CSV0000000000001086.csv,No
SG_CSV0000000000000925.csv,SG_CSV0000000000000260.csv,No
SG_CSV0000000000000925.csv,SG_CSV0000000000000041.csv,No
SG_CSV0000000000000925.csv,SG_CSV0000000000000002.csv,No
SG_CSV0000000000000925.csv,SG_CSV0000000000000296.csv,No
SG_CSV0000000000000925.csv,SG_CSV0000000000001171.csv,No
SG_CSV0000000000000925.csv,SG_CSV0000000000000821.csv,No
SG_CSV0000000000000925.csv,SG_CSV0000000000001273.csv,No
SG_CSV0000000000000925.csv,SG_CSV0000000000001015.csv,No
SG_CSV0000000000000925.csv,SG_CSV0000000000000642.csv,No
SG_CSV0000000000000925.csv,SG_CSV0000000000001701.csv,No
SG_CSV0000000000000925.csv,SG_CSV0000000000001139.csv,No
SG_CSV0000000000000925.csv,SG_CSV0000000000000450.csv,No
SG_CSV0000000000000925.csv,SG_CSV0000000000001915.csv,No
SG_CSV0000000000000925.csv,SG_CSV0000000000001031.csv,No
SG_CSV0000000000000925.csv,SG_CSV0000000000001229.csv,No
SG_CSV0000000000000925.csv,SG_CSV0000000000001001.csv,No
SG_CSV0000000000000925.csv,SG_CSV0000000000000021.csv,No
SG_CSV0000000000000925.csv,SG_CSV0000000000000336.csv,No
SG_CSV0000000000000925.csv,SG_CSV0000000000001938.csv,No
SG_CSV0000000000000925.csv,SG_CSV0000000000001037.csv,No
SG_CSV0000000000000925.csv,SG_CSV0000000000001156.csv,No
SG_CSV0000000000000925.csv,SG_CSV0000000000000787.csv,No
SG_CSV0000000000000925.csv,SG_CSV0000000000000391.csv,No
SG_CSV0000000000000925.csv,SG_CSV0000000000001768.csv,No
SG_CSV0000000000000925.csv,SG_CSV0000000000000494.csv,No
SG_CSV0000000000000925.csv,SG_CSV0000000000000591.csv,No
SG_CSV0000000000000925.csv,SG_CSV0000000000000387.csv,No
SG_CSV0000000000000925.csv,SG_CSV0000000000001945.csv,No
SG_CSV0000000000000925.csv,SG_CSV0000000000000255.csv,No
SG_CSV0000000000000925.csv,SG_CSV0000000000000366.csv,No
SG_CSV0000000000000925.csv,SG_CSV0000000000000189.csv,No
SG_CSV0000000000000925.csv,SG_CSV0000000000000541.csv,No
SG_CSV0000000000000925.csv,SG_CSV0000000000001365.csv,No
SG_CSV0000000000000925.csv,SG_CSV0000000000000653.csv,No
SG_CSV0000000000000925.csv,SG_CSV0000000000000825.csv,No
SG_CSV0000000000000925.csv,SG_CSV0000000000000487.csv,No
SG_CSV0000000000000925.csv,SG_CSV0000000000000350.csv,No
SG_CSV0000000000000925.csv,SG_CSV0000000000000140.csv,No
SG_CSV0000000000000925.csv,SG_CSV0000000000000492.csv,No
SG_CSV0000000000000925.csv,SG_CSV0000000000000245.csv,No
SG_CSV0000000000000925.csv,SG_CSV0000000000000986.csv,No
SG_CSV0000000000000925.csv,SG_CSV0000000000000694.csv,No
SG_CSV0000000000000925.csv,SG_CSV0000000000001165.csv,No
SG_CSV0000000000000925.csv,SG_CSV0000000000000467.csv,No
SG_CSV0000000000000925.csv,SG_CSV0000000000000237.csv,No
SG_CSV0000000000000925.csv,SG_CSV0000000000000808.csv,No
SG_CSV0000000000000925.csv,SG_CSV0000000000000096.csv,No
SG_CSV0000000000000925.csv,SG_CSV0000000000001241.csv,No
SG_CSV0000000000000925.csv,SG_CSV0000000000000740.csv,No
SG_CSV0000000000000925.csv,SG_CSV0000000000000724.csv,No
SG_CSV0000000000000925.csv,SG_CSV0000000000000374.csv,No
SG_CSV0000000000000925.csv,SG_CSV0000000000000552.csv,No
SG_CSV0000000000000925.csv,SG_CSV0000000000000236.csv,No
SG_CSV0000000000000925.csv,SG_CSV0000000000001760.csv,No
SG_CSV0000000000000925.csv,SG_CSV0000000000001295.csv,No
SG_CSV0000000000000925.csv,SG_CSV0000000000000375.csv,No
SG_CSV0000000000000925.csv,SG_CSV0000000000001434.csv,No
SG_CSV0000000000000925.csv,SG_CSV0000000000001018.csv,No
SG_CSV0000000000000925.csv,SG_CSV0000000000001327.csv,No
SG_CSV0000000000000925.csv,SG_CSV0000000000000941.csv,No
SG_CSV0000000000000925.csv,SG_CSV0000000000000061.csv,No
SG_CSV0000000000000925.csv,SG_CSV0000000000000479.csv,No
SG_CSV0000000000000925.csv,SG_CSV0000000000000995.csv,No
SG_CSV0000000000000925.csv,SG_CSV0000000000001728.csv,No
SG_CSV0000000000000925.csv,SG_CSV0000000000001307.csv,No
SG_CSV0000000000000925.csv,SG_CSV0000000000000485.csv,No
SG_CSV0000000000000925.csv,SG_CSV0000000000000800.csv,No
SG_CSV0000000000000925.csv,SG_CSV0000000000001640.csv,No
SG_CSV0000000000000925.csv,SG_CSV0000000000001321.csv,No
SG_CSV0000000000000925.csv,SG_CSV0000000000001275.csv,No
SG_CSV0000000000000925.csv,SG_CSV0000000000001961.csv,No
SG_CSV0000000000000925.csv,SG_CSV0000000000000484.csv,No
SG_CSV0000000000000925.csv,SG_CSV0000000000001219.csv,No
SG_CSV0000000000000925.csv,SG_CSV0000000000001978.csv,No
SG_CSV0000000000000925.csv,SG_CSV0000000000000635.csv,No
SG_CSV0000000000000925.csv,SG_CSV0000000000000564.csv,No
SG_CSV0000000000000925.csv,SG_CSV0000000000000817.csv,No
SG_CSV0000000000000925.csv,SG_CSV0000000000000142.csv,No
SG_CSV0000000000000925.csv,SG_CSV0000000000000020.csv,No
SG_CSV0000000000000925.csv,SG_CSV0000000000001128.csv,No
SG_CSV0000000000000925.csv,SG_CSV0000000000000600.csv,No
SG_CSV0000000000000925.csv,SG_CSV0000000000000207.csv,No
SG_CSV0000000000000925.csv,SG_CSV0000000000001378.csv,No
SG_CSV0000000000000925.csv,SG_CSV0000000000001952.csv,No
SG_CSV0000000000000925.csv,SG_CSV0000000000000905.csv,No
SG_CSV0000000000000925.csv,SG_CSV0000000000001534.csv,No
SG_CSV0000000000000925.csv,SG_CSV0000000000000490.csv,No
SG_CSV0000000000000925.csv,SG_CSV0000000000000846.csv,No
SG_CSV0000000000000925.csv,SG_CSV0000000000001225.csv,No
SG_CSV0000000000000925.csv,SG_CSV0000000000001435.csv,No
SG_CSV0000000000000925.csv,SG_CSV0000000000001014.csv,No
SG_CSV0000000000000925.csv,SG_CSV0000000000000220.csv,No
SG_CSV0000000000000925.csv,SG_CSV0000000000000352.csv,No
SG_CSV0000000000000925.csv,SG_CSV0000000000001282.csv,No
SG_CSV0000000000000925.csv,SG_CSV0000000000001170.csv,No
SG_CSV0000000000000925.csv,SG_CSV0000000000001243.csv,No
SG_CSV0000000000000925.csv,SG_CSV0000000000001880.csv,No
SG_CSV0000000000000925.csv,SG_CSV0000000000001856.csv,No
SG_CSV0000000000000925.csv,SG_CSV0000000000000579.csv,No
SG_CSV0000000000000925.csv,SG_CSV0000000000000105.csv,No
SG_CSV0000000000000925.csv,SG_CSV0000000000000581.csv,No
SG_CSV0000000000000925.csv,SG_CSV0000000000001146.csv,No
SG_CSV0000000000000925.csv,SG_CSV0000000000000223.csv,No
SG_CSV0000000000000925.csv,SG_CSV0000000000000379.csv,No
SG_CSV0000000000000925.csv,SG_CSV0000000000000834.csv,No
SG_CSV0000000000000925.csv,SG_CSV0000000000001831.csv,No
SG_CSV0000000000000925.csv,SG_CSV0000000000001636.csv,No
SG_CSV0000000000000925.csv,SG_CSV0000000000001745.csv,No
SG_CSV0000000000000925.csv,SG_CSV0000000000001062.csv,No
SG_CSV0000000000000925.csv,SG_CSV0000000000001033.csv,No
SG_CSV0000000000000925.csv,SG_CSV0000000000000435.csv,No
SG_CSV0000000000000925.csv,SG_CSV0000000000000338.csv,No
SG_CSV0000000000000925.csv,SG_CSV0000000000000158.csv,No
SG_CSV0000000000000925.csv,SG_CSV0000000000001025.csv,No
SG_CSV0000000000000925.csv,SG_CSV0000000000000458.csv,No
SG_CSV0000000000000925.csv,SG_CSV0000000000001406.csv,No
SG_CSV0000000000000925.csv,SG_CSV0000000000001899.csv,No
SG_CSV0000000000000925.csv,SG_CSV0000000000001809.csv,No
SG_CSV0000000000000925.csv,SG_CSV0000000000000498.csv,No
SG_CSV0000000000000925.csv,SG_CSV0000000000001955.csv,No
SG_CSV0000000000000925.csv,SG_CSV0000000000001652.csv,No
SG_CSV0000000000000925.csv,SG_CSV0000000000001030.csv,No
SG_CSV0000000000000925.csv,SG_CSV0000000000001432.csv,No
SG_CSV0000000000000925.csv,SG_CSV0000000000000300.csv,No
SG_CSV0000000000000925.csv,SG_CSV0000000000000305.csv,No
SG_CSV0000000000000925.csv,SG_CSV0000000000000756.csv,No
SG_CSV0000000000000925.csv,SG_CSV0000000000000347.csv,No
SG_CSV0000000000000925.csv,SG_CSV0000000000001325.csv,No
SG_CSV0000000000000925.csv,SG_CSV0000000000001223.csv,No
SG_CSV0000000000000925.csv,SG_CSV0000000000001792.csv,No
SG_CSV0000000000000925.csv,SG_CSV0000000000001176.csv,No
SG_CSV0000000000000925.csv,SG_CSV0000000000001101.csv,No
SG_CSV0000000000000925.csv,SG_CSV0000000000001709.csv,No
SG_CSV0000000000000925.csv,SG_CSV0000000000001430.csv,No
SG_CSV0000000000000925.csv,SG_CSV0000000000000443.csv,No
SG_CSV0000000000000925.csv,SG_CSV0000000000001948.csv,No
SG_CSV0000000000000925.csv,SG_CSV0000000000001762.csv,No
SG_CSV0000000000000925.csv,SG_CSV0000000000001239.csv,No
SG_CSV0000000000000925.csv,SG_CSV0000000000001007.csv,No
SG_CSV0000000000000925.csv,SG_CSV0000000000001328.csv,No
SG_CSV0000000000000925.csv,SG_CSV0000000000001302.csv,No
SG_CSV0000000000000925.csv,SG_CSV0000000000001381.csv,No
SG_CSV0000000000000925.csv,SG_CSV0000000000001155.csv,No
SG_CSV0000000000000925.csv,SG_CSV0000000000001234.csv,No
SG_CSV0000000000000925.csv,SG_CSV0000000000000626.csv,No
SG_CSV0000000000000925.csv,SG_CSV0000000000001740.csv,No
SG_CSV0000000000000925.csv,SG_CSV0000000000000851.csv,No
SG_CSV0000000000000925.csv,SG_CSV0000000000000640.csv,No
SG_CSV0000000000000925.csv,SG_CSV0000000000001029.csv,No
SG_CSV0000000000000925.csv,SG_CSV0000000000000903.csv,No
SG_CSV0000000000000925.csv,SG_CSV0000000000001645.csv,No
SG_CSV0000000000000925.csv,SG_CSV0000000000001801.csv,No
SG_CSV0000000000000925.csv,SG_CSV0000000000000985.csv,No
SG_CSV0000000000000925.csv,SG_CSV0000000000001529.csv,No
SG_CSV0000000000000925.csv,SG_CSV0000000000001827.csv,No
SG_CSV0000000000000925.csv,SG_CSV0000000000001537.csv,No
SG_CSV0000000000000925.csv,SG_CSV0000000000000712.csv,No
SG_CSV0000000000000925.csv,SG_CSV0000000000000921.csv,No
SG_CSV0000000000000925.csv,SG_CSV0000000000000042.csv,No
SG_CSV0000000000000925.csv,SG_CSV0000000000001684.csv,No
SG_CSV0000000000000925.csv,SG_CSV0000000000001764.csv,No
SG_CSV0000000000000925.csv,SG_CSV0000000000001882.csv,No
SG_CSV0000000000000925.csv,SG_CSV0000000000000594.csv,No
SG_CSV0000000000000925.csv,SG_CSV0000000000000574.csv,No
SG_CSV0000000000000925.csv,SG_CSV0000000000001804.csv,No
SG_CSV0000000000000925.csv,SG_CSV0000000000001058.csv,No
SG_CSV0000000000000925.csv,SG_CSV0000000000000454.csv,No
SG_CSV0000000000000925.csv,SG_CSV0000000000001115.csv,No
SG_CSV0000000000000925.csv,SG_CSV0000000000000522.csv,No
SG_CSV0000000000000925.csv,SG_CSV0000000000001088.csv,No
SG_CSV0000000000000925.csv,SG_CSV0000000000000151.csv,No
SG_CSV0000000000000925.csv,SG_CSV0000000000000012.csv,No
SG_CSV0000000000000925.csv,SG_CSV0000000000001079.csv,No
SG_CSV0000000000000925.csv,SG_CSV0000000000001383.csv,No
SG_CSV0000000000000925.csv,SG_CSV0000000000001431.csv,No
SG_CSV0000000000000925.csv,SG_CSV0000000000000118.csv,No
SG_CSV0000000000000925.csv,SG_CSV0000000000001825.csv,No
SG_CSV0000000000000925.csv,SG_CSV0000000000001815.csv,No
SG_CSV0000000000000925.csv,SG_CSV0000000000001230.csv,No
SG_CSV0000000000000925.csv,SG_CSV0000000000000908.csv,No
SG_CSV0000000000000925.csv,SG_CSV0000000000000353.csv,No
SG_CSV0000000000000925.csv,SG_CSV0000000000000470.csv,No
SG_CSV0000000000000925.csv,SG_CSV0000000000000963.csv,No
SG_CSV0000000000000925.csv,SG_CSV0000000000000544.csv,No
SG_CSV0000000000000925.csv,SG_CSV0000000000000231.csv,No
SG_CSV0000000000000925.csv,SG_CSV0000000000001351.csv,No
SG_CSV0000000000000925.csv,SG_CSV0000000000001681.csv,No
SG_CSV0000000000000925.csv,SG_CSV0000000000001047.csv,No
SG_CSV0000000000000925.csv,SG_CSV0000000000000628.csv,No
SG_CSV0000000000000925.csv,SG_CSV0000000000000836.csv,No
SG_CSV0000000000000925.csv,SG_CSV0000000000001076.csv,No
SG_CSV0000000000000925.csv,SG_CSV0000000000001651.csv,No
SG_CSV0000000000000925.csv,SG_CSV0000000000001822.csv,No
SG_CSV0000000000000925.csv,SG_CSV0000000000001447.csv,No
SG_CSV0000000000000925.csv,SG_CSV0000000000000103.csv,No
SG_CSV0000000000000925.csv,SG_CSV0000000000000637.csv,No
SG_CSV0000000000000925.csv,SG_CSV0000000000000760.csv,No
SG_CSV0000000000000925.csv,SG_CSV0000000000000110.csv,No
SG_CSV0000000000000925.csv,SG_CSV0000000000000323.csv,No
SG_CSV0000000000000925.csv,SG_CSV0000000000000240.csv,No
SG_CSV0000000000000925.csv,SG_CSV0000000000000422.csv,No
SG_CSV0000000000000925.csv,SG_CSV0000000000000865.csv,No
SG_CSV0000000000000925.csv,SG_CSV0000000000000493.csv,No
SG_CSV0000000000000925.csv,SG_CSV0000000000000754.csv,No
SG_CSV0000000000000925.csv,SG_CSV0000000000000625.csv,No
SG_CSV0000000000000925.csv,SG_CSV0000000000000928.csv,No
SG_CSV0000000000000925.csv,SG_CSV0000000000001732.csv,No
SG_CSV0000000000000925.csv,SG_CSV0000000000001352.csv,No
SG_CSV0000000000000925.csv,SG_CSV0000000000001925.csv,No
SG_CSV0000000000000925.csv,SG_CSV0000000000001454.csv,No
SG_CSV0000000000000925.csv,SG_CSV0000000000001164.csv,No
SG_CSV0000000000000925.csv,SG_CSV0000000000000679.csv,No
SG_CSV0000000000000925.csv,SG_CSV0000000000000931.csv,No
SG_CSV0000000000000925.csv,SG_CSV0000000000001649.csv,No
SG_CSV0000000000000925.csv,SG_CSV0000000000001034.csv,No
SG_CSV0000000000000925.csv,SG_CSV0000000000000752.csv,No
SG_CSV0000000000000925.csv,SG_CSV0000000000001331.csv,No
SG_CSV0000000000000925.csv,SG_CSV0000000000001133.csv,No
SG_CSV0000000000000925.csv,SG_CSV0000000000001360.csv,No
SG_CSV0000000000000925.csv,SG_CSV0000000000000038.csv,No
SG_CSV0000000000000925.csv,SG_CSV0000000000001663.csv,No
SG_CSV0000000000000925.csv,SG_CSV0000000000000692.csv,No
SG_CSV0000000000000925.csv,SG_CSV0000000000001118.csv,No
SG_CSV0000000000000925.csv,SG_CSV0000000000001362.csv,No
SG_CSV0000000000000925.csv,SG_CSV0000000000001672.csv,No
SG_CSV0000000000000925.csv,SG_CSV0000000000001894.csv,No
SG_CSV0000000000000925.csv,SG_CSV0000000000000826.csv,No
SG_CSV0000000000000925.csv,SG_CSV0000000000001677.csv,No
SG_CSV0000000000000925.csv,SG_CSV0000000000000969.csv,No
SG_CSV0000000000000925.csv,SG_CSV0000000000001695.csv,No
SG_CSV0000000000000925.csv,SG_CSV0000000000000720.csv,No
SG_CSV0000000000000925.csv,SG_CSV0000000000001008.csv,No
SG_CSV0000000000000925.csv,SG_CSV0000000000000079.csv,No
SG_CSV0000000000000925.csv,SG_CSV0000000000001817.csv,No
SG_CSV0000000000000925.csv,SG_CSV0000000000000788.csv,No
SG_CSV0000000000000925.csv,SG_CSV0000000000000501.csv,No
SG_CSV0000000000000925.csv,SG_CSV0000000000000572.csv,No
SG_CSV0000000000000925.csv,SG_CSV0000000000000524.csv,No
SG_CSV0000000000000925.csv,SG_CSV0000000000000523.csv,No
SG_CSV0000000000000925.csv,SG_CSV0000000000001887.csv,No
SG_CSV0000000000000925.csv,SG_CSV0000000000000395.csv,No
SG_CSV0000000000000925.csv,SG_CSV0000000000000307.csv,No
SG_CSV0000000000000925.csv,SG_CSV0000000000000633.csv,No
SG_CSV0000000000000925.csv,SG_CSV0000000000000504.csv,No
SG_CSV0000000000000925.csv,SG_CSV0000000000000473.csv,No
SG_CSV0000000000000925.csv,SG_CSV0000000000001401.csv,No
SG_CSV0000000000000925.csv,SG_CSV0000000000000047.csv,No
SG_CSV0000000000000925.csv,SG_CSV0000000000000832.csv,No
SG_CSV0000000000000925.csv,SG_CSV0000000000000031.csv,No
SG_CSV0000000000000925.csv,SG_CSV0000000000000188.csv,No
SG_CSV0000000000000925.csv,SG_CSV0000000000000060.csv,No
SG_CSV0000000000000925.csv,SG_CSV0000000000000152.csv,No
SG_CSV0000000000000925.csv,SG_CSV0000000000000980.csv,No
SG_CSV0000000000000925.csv,SG_CSV0000000000001174.csv,No
SG_CSV0000000000000925.csv,SG_CSV0000000000000216.csv,No
SG_CSV0000000000000925.csv,SG_CSV0000000000000781.csv,No
SG_CSV0000000000000925.csv,SG_CSV0000000000001232.csv,No
SG_CSV0000000000000925.csv,SG_CSV0000000000000818.csv,No
SG_CSV0000000000000925.csv,SG_CSV0000000000001366.csv,No
SG_CSV0000000000000925.csv,SG_CSV0000000000000778.csv,No
SG_CSV0000000000000925.csv,SG_CSV0000000000000000.csv,No
SG_CSV0000000000000925.csv,SG_CSV0000000000000864.csv,No
SG_CSV0000000000000925.csv,SG_CSV0000000000000384.csv,No
