LEFT_TABLE;LEFT_COLUMN;RIGHT_TABLE;RIGHT_COLUMN;KEY;JOINABLE_LEVEL
aac_intakes_outcomes.csv;age_upon_outcome;aac_outcomes.csv;age_upon_outcome;aac_intakes_outcomes.csv#age_upon_outcome#aac_outcomes.csv#age_upon_outcome;4
aac_intakes_outcomes.csv;animal_id_outcome;aac_outcomes.csv;animal_id;aac_intakes_outcomes.csv#animal_id_outcome#aac_outcomes.csv#animal_id;4
aac_intakes_outcomes.csv;outcome_subtype;aac_outcomes.csv;outcome_subtype;aac_intakes_outcomes.csv#outcome_subtype#aac_outcomes.csv#outcome_subtype;4
aac_intakes_outcomes.csv;outcome_type;aac_outcomes.csv;outcome_type;aac_intakes_outcomes.csv#outcome_type#aac_outcomes.csv#outcome_type;4
aac_intakes_outcomes.csv;sex_upon_outcome;aac_outcomes.csv;sex_upon_outcome;aac_intakes_outcomes.csv#sex_upon_outcome#aac_outcomes.csv#sex_upon_outcome;4
aac_intakes_outcomes.csv;age_upon_intake;aac_outcomes.csv;age_upon_outcome;aac_intakes_outcomes.csv#age_upon_intake#aac_outcomes.csv#age_upon_outcome;4
aac_intakes_outcomes.csv;animal_id_intake;aac_outcomes.csv;animal_id;aac_intakes_outcomes.csv#animal_id_intake#aac_outcomes.csv#animal_id;4
aac_intakes_outcomes.csv;animal_type;aac_outcomes.csv;animal_type;aac_intakes_outcomes.csv#animal_type#aac_outcomes.csv#animal_type;4
aac_intakes_outcomes.csv;breed;aac_outcomes.csv;breed;aac_intakes_outcomes.csv#breed#aac_outcomes.csv#breed;4
aac_intakes_outcomes.csv;color;aac_outcomes.csv;color;aac_intakes_outcomes.csv#color#aac_outcomes.csv#color;4
aac_intakes_outcomes.csv;sex_upon_intake;aac_outcomes.csv;sex_upon_outcome;aac_intakes_outcomes.csv#sex_upon_intake#aac_outcomes.csv#sex_upon_outcome;4
aac_intakes_outcomes.csv;date_of_birth;animal-control-inventory-register.csv;DispositionDate;aac_intakes_outcomes.csv#date_of_birth#animal-control-inventory-register.csv#DispositionDate;3
aac_intakes.csv;age_upon_intake;aac_intakes_outcomes.csv;age_upon_outcome;aac_intakes.csv#age_upon_intake#aac_intakes_outcomes.csv#age_upon_outcome;4
aac_intakes.csv;animal_id;aac_intakes_outcomes.csv;animal_id_outcome;aac_intakes.csv#animal_id#aac_intakes_outcomes.csv#animal_id_outcome;4
aac_intakes.csv;sex_upon_intake;aac_intakes_outcomes.csv;sex_upon_outcome;aac_intakes.csv#sex_upon_intake#aac_intakes_outcomes.csv#sex_upon_outcome;4
aac_intakes.csv;age_upon_intake;aac_intakes_outcomes.csv;age_upon_intake;aac_intakes.csv#age_upon_intake#aac_intakes_outcomes.csv#age_upon_intake;4
aac_intakes.csv;animal_id;aac_intakes_outcomes.csv;animal_id_intake;aac_intakes.csv#animal_id#aac_intakes_outcomes.csv#animal_id_intake;4
aac_intakes.csv;animal_type;aac_intakes_outcomes.csv;animal_type;aac_intakes.csv#animal_type#aac_intakes_outcomes.csv#animal_type;4
aac_intakes.csv;breed;aac_intakes_outcomes.csv;breed;aac_intakes.csv#breed#aac_intakes_outcomes.csv#breed;4
aac_intakes.csv;color;aac_intakes_outcomes.csv;color;aac_intakes.csv#color#aac_intakes_outcomes.csv#color;4
aac_intakes.csv;found_location;aac_intakes_outcomes.csv;found_location;aac_intakes.csv#found_location#aac_intakes_outcomes.csv#found_location;4
aac_intakes.csv;intake_condition;aac_intakes_outcomes.csv;intake_condition;aac_intakes.csv#intake_condition#aac_intakes_outcomes.csv#intake_condition;4
aac_intakes.csv;intake_type;aac_intakes_outcomes.csv;intake_type;aac_intakes.csv#intake_type#aac_intakes_outcomes.csv#intake_type;4
aac_intakes.csv;sex_upon_intake;aac_intakes_outcomes.csv;sex_upon_intake;aac_intakes.csv#sex_upon_intake#aac_intakes_outcomes.csv#sex_upon_intake;4
global-greenhouse-gas-emissions0.csv;Country;world-power-plants-list.csv;PLANT_COUNTRY;global-greenhouse-gas-emissions0.csv#Country#world-power-plants-list.csv#PLANT_COUNTRY;4
global-greenhouse-gas-emissions0.csv;Country;oxford-covid-19-government-response-tracker.csv;Country;global-greenhouse-gas-emissions0.csv#Country#oxford-covid-19-government-response-tracker.csv#Country;4
agri-environmental-indicators-emissions-by-sector.csv;Area;global-greenhouse-gas-emissions0.csv;Country;agri-environmental-indicators-emissions-by-sector.csv#Area#global-greenhouse-gas-emissions0.csv#Country;4
global-greenhouse-gas-emissions.csv;ISO_A3;global-greenhouse-gas-emissions0.csv;ISO_A3;global-greenhouse-gas-emissions.csv#ISO_A3#global-greenhouse-gas-emissions0.csv#ISO_A3;4
global-greenhouse-gas-emissions.csv;World Region;global-greenhouse-gas-emissions0.csv;World Region;global-greenhouse-gas-emissions.csv#World Region#global-greenhouse-gas-emissions0.csv#World Region;4
global-greenhouse-gas-emissions.csv;Country;global-greenhouse-gas-emissions0.csv;Country;global-greenhouse-gas-emissions.csv#Country#global-greenhouse-gas-emissions0.csv#Country;4
global-greenhouse-gas-emissions.csv;Compound;global-greenhouse-gas-emissions0.csv;Compound;global-greenhouse-gas-emissions.csv#Compound#global-greenhouse-gas-emissions0.csv#Compound;4
global-greenhouse-gas-emissions.csv;IPCC-Annex;global-greenhouse-gas-emissions0.csv;IPCC-Annex;global-greenhouse-gas-emissions.csv#IPCC-Annex#global-greenhouse-gas-emissions0.csv#IPCC-Annex;4
global-greenhouse-gas-emissions0.csv;Country;total-and-urban-population-annual-1950-2050.csv;LOCATION_NAME;global-greenhouse-gas-emissions0.csv#Country#total-and-urban-population-annual-1950-2050.csv#LOCATION_NAME;4
global-greenhouse-gas-emissions0.csv;Country;global-innovation-index-2015.csv;COUNTRY_NAME;global-greenhouse-gas-emissions0.csv#Country#global-innovation-index-2015.csv#COUNTRY_NAME;4
water-control-valves.csv;Geo Local Area;water-hydrants.csv;Geo Local Area;water-control-valves.csv#Geo Local Area#water-hydrants.csv#Geo Local Area;4
sewer-catch-basins.csv;Geo Local Area;water-control-valves.csv;Geo Local Area;sewer-catch-basins.csv#Geo Local Area#water-control-valves.csv#Geo Local Area;4
property-addresses.csv;Geo Local Area;water-control-valves.csv;Geo Local Area;property-addresses.csv#Geo Local Area#water-control-valves.csv#Geo Local Area;4
sewer-manholes.csv;Geo Local Area;water-control-valves.csv;Geo Local Area;sewer-manholes.csv#Geo Local Area#water-control-valves.csv#Geo Local Area;4
water-hydrants.csv;COMPRESSION;world-power-plants-list.csv;PLANT_MERCURY_CONTROL_DEVICE;water-hydrants.csv#COMPRESSION#world-power-plants-list.csv#PLANT_MERCURY_CONTROL_DEVICE;1
oxford-covid-19-government-response-tracker.csv;Country;world-power-plants-list.csv;PLANT_COUNTRY;oxford-covid-19-government-response-tracker.csv#Country#world-power-plants-list.csv#PLANT_COUNTRY;3
agri-environmental-indicators-emissions-by-sector.csv;Area;world-power-plants-list.csv;PLANT_COUNTRY;agri-environmental-indicators-emissions-by-sector.csv#Area#world-power-plants-list.csv#PLANT_COUNTRY;4
global-greenhouse-gas-emissions.csv;Country;world-power-plants-list.csv;PLANT_COUNTRY;global-greenhouse-gas-emissions.csv#Country#world-power-plants-list.csv#PLANT_COUNTRY;4
total-and-urban-population-annual-1950-2050.csv;LOCATION_NAME;world-power-plants-list.csv;PLANT_COUNTRY;total-and-urban-population-annual-1950-2050.csv#LOCATION_NAME#world-power-plants-list.csv#PLANT_COUNTRY;4
global-innovation-index-2015.csv;COUNTRY_NAME;world-power-plants-list.csv;PLANT_COUNTRY;global-innovation-index-2015.csv#COUNTRY_NAME#world-power-plants-list.csv#PLANT_COUNTRY;4
makemytrip_com-travel_sample.csv;is_value_plus;world-power-plants-list.csv;PLANT_MERCURY_CONTROL_DEVICE;makemytrip_com-travel_sample.csv#is_value_plus#world-power-plants-list.csv#PLANT_MERCURY_CONTROL_DEVICE;1
emissions_agriculture_energy_e_all_data_norm.csv;Country;world-power-plants-list.csv;PLANT_COUNTRY;emissions_agriculture_energy_e_all_data_norm.csv#Country#world-power-plants-list.csv#PLANT_COUNTRY;4
sewer-catch-basins.csv;Geo Local Area;water-hydrants.csv;Geo Local Area;sewer-catch-basins.csv#Geo Local Area#water-hydrants.csv#Geo Local Area;4
Accidental_Drug_Related_Deaths_2012-2018.csv;AnyOpioid;water-hydrants.csv;SUBSYSTEM;Accidental_Drug_Related_Deaths_2012-2018.csv#AnyOpioid#water-hydrants.csv#SUBSYSTEM;1
Accidental_Drug_Related_Deaths_2012-2018.csv;Heroin;water-hydrants.csv;FIREUSEONLY;Accidental_Drug_Related_Deaths_2012-2018.csv#Heroin#water-hydrants.csv#FIREUSEONLY;1
Accidental_Drug_Related_Deaths_2012-2018.csv;Cocaine;water-hydrants.csv;FIREUSEONLY;Accidental_Drug_Related_Deaths_2012-2018.csv#Cocaine#water-hydrants.csv#FIREUSEONLY;1
Accidental_Drug_Related_Deaths_2012-2018.csv;FentanylAnalogue;water-hydrants.csv;FIREUSEONLY;Accidental_Drug_Related_Deaths_2012-2018.csv#FentanylAnalogue#water-hydrants.csv#FIREUSEONLY;1
Accidental_Drug_Related_Deaths_2012-2018.csv;Oxycodone;water-hydrants.csv;FIREUSEONLY;Accidental_Drug_Related_Deaths_2012-2018.csv#Oxycodone#water-hydrants.csv#FIREUSEONLY;1
Accidental_Drug_Related_Deaths_2012-2018.csv;Oxymorphone;water-hydrants.csv;FIREUSEONLY;Accidental_Drug_Related_Deaths_2012-2018.csv#Oxymorphone#water-hydrants.csv#FIREUSEONLY;1
Accidental_Drug_Related_Deaths_2012-2018.csv;Ethanol;water-hydrants.csv;FIREUSEONLY;Accidental_Drug_Related_Deaths_2012-2018.csv#Ethanol#water-hydrants.csv#FIREUSEONLY;1
Accidental_Drug_Related_Deaths_2012-2018.csv;Hydrocodone;water-hydrants.csv;FIREUSEONLY;Accidental_Drug_Related_Deaths_2012-2018.csv#Hydrocodone#water-hydrants.csv#FIREUSEONLY;1
Accidental_Drug_Related_Deaths_2012-2018.csv;Benzodiazepine;water-hydrants.csv;FIREUSEONLY;Accidental_Drug_Related_Deaths_2012-2018.csv#Benzodiazepine#water-hydrants.csv#FIREUSEONLY;1
Accidental_Drug_Related_Deaths_2012-2018.csv;Methadone;water-hydrants.csv;FIREUSEONLY;Accidental_Drug_Related_Deaths_2012-2018.csv#Methadone#water-hydrants.csv#FIREUSEONLY;1
Accidental_Drug_Related_Deaths_2012-2018.csv;Amphet;water-hydrants.csv;FIREUSEONLY;Accidental_Drug_Related_Deaths_2012-2018.csv#Amphet#water-hydrants.csv#FIREUSEONLY;1
Accidental_Drug_Related_Deaths_2012-2018.csv;Tramad;water-hydrants.csv;FIREUSEONLY;Accidental_Drug_Related_Deaths_2012-2018.csv#Tramad#water-hydrants.csv#FIREUSEONLY;1
Accidental_Drug_Related_Deaths_2012-2018.csv;Hydromorphone;water-hydrants.csv;FIREUSEONLY;Accidental_Drug_Related_Deaths_2012-2018.csv#Hydromorphone#water-hydrants.csv#FIREUSEONLY;1
Accidental_Drug_Related_Deaths_2012-2018.csv;OpiateNOS;water-hydrants.csv;FIREUSEONLY;Accidental_Drug_Related_Deaths_2012-2018.csv#OpiateNOS#water-hydrants.csv#FIREUSEONLY;1
Accidental_Drug_Related_Deaths_2012-2018.csv;AnyOpioid;water-hydrants.csv;FIREUSEONLY;Accidental_Drug_Related_Deaths_2012-2018.csv#AnyOpioid#water-hydrants.csv#FIREUSEONLY;1
property-addresses.csv;Geo Local Area;water-hydrants.csv;Geo Local Area;property-addresses.csv#Geo Local Area#water-hydrants.csv#Geo Local Area;4
IPODataFull.csv;CEOInChargeDuringIPO;water-hydrants.csv;COMPRESSION;IPODataFull.csv#CEOInChargeDuringIPO#water-hydrants.csv#COMPRESSION;1
IPODataFull.csv;presidentInChargeDuringIPO;water-hydrants.csv;COMPRESSION;IPODataFull.csv#presidentInChargeDuringIPO#water-hydrants.csv#COMPRESSION;1
IPODataFull.csv;USACompany;water-hydrants.csv;COMPRESSION;IPODataFull.csv#USACompany#water-hydrants.csv#COMPRESSION;1
makemytrip_com-travel_sample.csv;site_review_rating;water-hydrants.csv;FEEDERLEN;makemytrip_com-travel_sample.csv#site_review_rating#water-hydrants.csv#FEEDERLEN;1
makemytrip_com-travel_sample.csv;is_value_plus;water-hydrants.csv;COMPRESSION;makemytrip_com-travel_sample.csv#is_value_plus#water-hydrants.csv#COMPRESSION;1
sewer-manholes.csv;Geo Local Area;water-hydrants.csv;Geo Local Area;sewer-manholes.csv#Geo Local Area#water-hydrants.csv#Geo Local Area;4
aac_intakes.csv;age_upon_intake;aac_outcomes.csv;age_upon_outcome;aac_intakes.csv#age_upon_intake#aac_outcomes.csv#age_upon_outcome;4
aac_intakes.csv;animal_id;aac_outcomes.csv;animal_id;aac_intakes.csv#animal_id#aac_outcomes.csv#animal_id;4
aac_intakes.csv;animal_type;aac_outcomes.csv;animal_type;aac_intakes.csv#animal_type#aac_outcomes.csv#animal_type;4
aac_intakes.csv;breed;aac_outcomes.csv;breed;aac_intakes.csv#breed#aac_outcomes.csv#breed;4
aac_intakes.csv;color;aac_outcomes.csv;color;aac_intakes.csv#color#aac_outcomes.csv#color;4
aac_intakes.csv;name;aac_outcomes.csv;name;aac_intakes.csv#name#aac_outcomes.csv#name;4
aac_intakes.csv;sex_upon_intake;aac_outcomes.csv;sex_upon_outcome;aac_intakes.csv#sex_upon_intake#aac_outcomes.csv#sex_upon_outcome;4
agri-environmental-indicators-emissions-by-sector.csv;Area;oxford-covid-19-government-response-tracker.csv;Country;agri-environmental-indicators-emissions-by-sector.csv#Area#oxford-covid-19-government-response-tracker.csv#Country;4
oxford-covid-19-government-response-tracker.csv;Country;population-estimates-and-projections-1960-2050.csv;COUNTRY;oxford-covid-19-government-response-tracker.csv#Country#population-estimates-and-projections-1960-2050.csv#COUNTRY;4
global-greenhouse-gas-emissions.csv;Country;oxford-covid-19-government-response-tracker.csv;Country;global-greenhouse-gas-emissions.csv#Country#oxford-covid-19-government-response-tracker.csv#Country;4
oxford-covid-19-government-response-tracker.csv;Country;total-and-urban-population-annual-1950-2050.csv;LOCATION_NAME;oxford-covid-19-government-response-tracker.csv#Country#total-and-urban-population-annual-1950-2050.csv#LOCATION_NAME;4
global-innovation-index-2015.csv;COUNTRY_NAME;oxford-covid-19-government-response-tracker.csv;Country;global-innovation-index-2015.csv#COUNTRY_NAME#oxford-covid-19-government-response-tracker.csv#Country;4
emissions_agriculture_energy_e_all_data_norm.csv;Country;oxford-covid-19-government-response-tracker.csv;Country;emissions_agriculture_energy_e_all_data_norm.csv#Country#oxford-covid-19-government-response-tracker.csv#Country;4
Accidental_Drug_Related_Deaths_2012-2018.csv;ResidenceState;eo1.csv;STATE;Accidental_Drug_Related_Deaths_2012-2018.csv#ResidenceState#eo1.csv#STATE;4
agri-environmental-indicators-emissions-by-sector.csv;Area;global-greenhouse-gas-emissions.csv;Country;agri-environmental-indicators-emissions-by-sector.csv#Area#global-greenhouse-gas-emissions.csv#Country;4
agri-environmental-indicators-emissions-by-sector.csv;Area;total-and-urban-population-annual-1950-2050.csv;LOCATION_NAME;agri-environmental-indicators-emissions-by-sector.csv#Area#total-and-urban-population-annual-1950-2050.csv#LOCATION_NAME;4
agri-environmental-indicators-emissions-by-sector.csv;Area;global-innovation-index-2015.csv;COUNTRY_NAME;agri-environmental-indicators-emissions-by-sector.csv#Area#global-innovation-index-2015.csv#COUNTRY_NAME;4
agri-environmental-indicators-emissions-by-sector.csv;Area;emissions_agriculture_energy_e_all_data_norm.csv;Country;agri-environmental-indicators-emissions-by-sector.csv#Area#emissions_agriculture_energy_e_all_data_norm.csv#Country;4
energy-usage-2010.csv;GAS ACCOUNTS;medium_data.csv;responses;energy-usage-2010.csv#GAS ACCOUNTS#medium_data.csv#responses;1
property-addresses.csv;Geo Local Area;sewer-catch-basins.csv;Geo Local Area;property-addresses.csv#Geo Local Area#sewer-catch-basins.csv#Geo Local Area;4
sewer-catch-basins.csv;Geo Local Area;sewer-manholes.csv;Geo Local Area;sewer-catch-basins.csv#Geo Local Area#sewer-manholes.csv#Geo Local Area;4
india-census-data-2011-census-primary-abstract.csv;FREQUENCY;population-estimates-and-projections-1960-2050.csv;FREQ;india-census-data-2011-census-primary-abstract.csv#FREQUENCY#population-estimates-and-projections-1960-2050.csv#FREQ;4
india-census-data-2011-census-primary-abstract.csv;FREQUENCY;population-estimates-and-projections-1960-2050.csv;TIME_FORMAT;india-census-data-2011-census-primary-abstract.csv#FREQUENCY#population-estimates-and-projections-1960-2050.csv#TIME_FORMAT;3
population-estimates-and-projections-1960-2050.csv;FREQ;total-and-urban-population-annual-1950-2050.csv;FREQUENCY;population-estimates-and-projections-1960-2050.csv#FREQ#total-and-urban-population-annual-1950-2050.csv#FREQUENCY;4
population-estimates-and-projections-1960-2050.csv;TIME_FORMAT;total-and-urban-population-annual-1950-2050.csv;FREQUENCY;population-estimates-and-projections-1960-2050.csv#TIME_FORMAT#total-and-urban-population-annual-1950-2050.csv#FREQUENCY;3
global-innovation-index-2015.csv;FREQUENCY;population-estimates-and-projections-1960-2050.csv;FREQ;global-innovation-index-2015.csv#FREQUENCY#population-estimates-and-projections-1960-2050.csv#FREQ;4
global-innovation-index-2015.csv;FREQUENCY;population-estimates-and-projections-1960-2050.csv;TIME_FORMAT;global-innovation-index-2015.csv#FREQUENCY#population-estimates-and-projections-1960-2050.csv#TIME_FORMAT;3
population-estimates-and-projections-1960-2050.csv;FREQ;saudi-arabia-world-development-indicators-1960-2014.csv;Periodicity;population-estimates-and-projections-1960-2050.csv#FREQ#saudi-arabia-world-development-indicators-1960-2014.csv#Periodicity;4
population-estimates-and-projections-1960-2050.csv;TIME_FORMAT;saudi-arabia-world-development-indicators-1960-2014.csv;Periodicity;population-estimates-and-projections-1960-2050.csv#TIME_FORMAT#saudi-arabia-world-development-indicators-1960-2014.csv#Periodicity;3
episodes.csv;episode_date;posts.csv;date;episodes.csv#episode_date#posts.csv#date;2
episodes.csv;program;listings_detailed.csv;host_since;episodes.csv#program#listings_detailed.csv#host_since;4
episodes.csv;episode_date;listings_detailed.csv;host_since;episodes.csv#episode_date#listings_detailed.csv#host_since;2
episodes.csv;episode_date;listings_detailed.csv;first_review;episodes.csv#episode_date#listings_detailed.csv#first_review;1
animal-control-inventory-register.csv;DateImpounded;listings_detailed.csv;host_since;animal-control-inventory-register.csv#DateImpounded#listings_detailed.csv#host_since;1
animal-control-inventory-register.csv;DateImpounded;listings_detailed.csv;first_review;animal-control-inventory-register.csv#DateImpounded#listings_detailed.csv#first_review;1
listings_detailed.csv;experiences_offered;listings_summary.csv;experiences_offered;listings_detailed.csv#experiences_offered#listings_summary.csv#experiences_offered;4
listings_detailed.csv;thumbnail_url;listings_summary.csv;host_acceptance_rate;listings_detailed.csv#thumbnail_url#listings_summary.csv#host_acceptance_rate;1
listings_detailed.csv;medium_url;listings_summary.csv;host_acceptance_rate;listings_detailed.csv#medium_url#listings_summary.csv#host_acceptance_rate;1
listings_detailed.csv;xl_picture_url;listings_summary.csv;is_business_travel_ready;listings_detailed.csv#xl_picture_url#listings_summary.csv#is_business_travel_ready;1
listings_detailed.csv;host_since;listings_summary.csv;host_since;listings_detailed.csv#host_since#listings_summary.csv#host_since;4
listings_detailed.csv;host_since;listings_summary.csv;first_review;listings_detailed.csv#host_since#listings_summary.csv#first_review;2
listings_detailed.csv;host_since;listings_summary.csv;last_review;listings_detailed.csv#host_since#listings_summary.csv#last_review;2
listings_detailed.csv;host_response_time;listings_summary.csv;host_response_time;listings_detailed.csv#host_response_time#listings_summary.csv#host_response_time;4
listings_detailed.csv;host_response_rate;listings_summary.csv;host_response_rate;listings_detailed.csv#host_response_rate#listings_summary.csv#host_response_rate;4
listings_detailed.csv;host_acceptance_rate;listings_summary.csv;host_acceptance_rate;listings_detailed.csv#host_acceptance_rate#listings_summary.csv#host_acceptance_rate;4
listings_detailed.csv;host_is_superhost;listings_summary.csv;host_is_superhost;listings_detailed.csv#host_is_superhost#listings_summary.csv#host_is_superhost;4
listings_detailed.csv;host_is_superhost;listings_summary.csv;host_has_profile_pic;listings_detailed.csv#host_is_superhost#listings_summary.csv#host_has_profile_pic;1
listings_detailed.csv;host_is_superhost;listings_summary.csv;host_identity_verified;listings_detailed.csv#host_is_superhost#listings_summary.csv#host_identity_verified;1
listings_detailed.csv;host_is_superhost;listings_summary.csv;is_location_exact;listings_detailed.csv#host_is_superhost#listings_summary.csv#is_location_exact;1
listings_detailed.csv;host_is_superhost;listings_summary.csv;has_availability;listings_detailed.csv#host_is_superhost#listings_summary.csv#has_availability;1
listings_detailed.csv;host_is_superhost;listings_summary.csv;requires_license;listings_detailed.csv#host_is_superhost#listings_summary.csv#requires_license;1
listings_detailed.csv;host_is_superhost;listings_summary.csv;instant_bookable;listings_detailed.csv#host_is_superhost#listings_summary.csv#instant_bookable;1
listings_detailed.csv;host_is_superhost;listings_summary.csv;is_business_travel_ready;listings_detailed.csv#host_is_superhost#listings_summary.csv#is_business_travel_ready;1
listings_detailed.csv;host_is_superhost;listings_summary.csv;require_guest_profile_picture;listings_detailed.csv#host_is_superhost#listings_summary.csv#require_guest_profile_picture;1
listings_detailed.csv;host_is_superhost;listings_summary.csv;require_guest_phone_verification;listings_detailed.csv#host_is_superhost#listings_summary.csv#require_guest_phone_verification;1
listings_detailed.csv;host_has_profile_pic;listings_summary.csv;host_is_superhost;listings_detailed.csv#host_has_profile_pic#listings_summary.csv#host_is_superhost;1
listings_detailed.csv;host_has_profile_pic;listings_summary.csv;host_has_profile_pic;listings_detailed.csv#host_has_profile_pic#listings_summary.csv#host_has_profile_pic;4
listings_detailed.csv;host_has_profile_pic;listings_summary.csv;host_identity_verified;listings_detailed.csv#host_has_profile_pic#listings_summary.csv#host_identity_verified;1
listings_detailed.csv;host_has_profile_pic;listings_summary.csv;is_location_exact;listings_detailed.csv#host_has_profile_pic#listings_summary.csv#is_location_exact;1
listings_detailed.csv;host_has_profile_pic;listings_summary.csv;has_availability;listings_detailed.csv#host_has_profile_pic#listings_summary.csv#has_availability;1
listings_detailed.csv;host_has_profile_pic;listings_summary.csv;requires_license;listings_detailed.csv#host_has_profile_pic#listings_summary.csv#requires_license;1
listings_detailed.csv;host_has_profile_pic;listings_summary.csv;instant_bookable;listings_detailed.csv#host_has_profile_pic#listings_summary.csv#instant_bookable;1
listings_detailed.csv;host_has_profile_pic;listings_summary.csv;is_business_travel_ready;listings_detailed.csv#host_has_profile_pic#listings_summary.csv#is_business_travel_ready;1
listings_detailed.csv;host_has_profile_pic;listings_summary.csv;require_guest_profile_picture;listings_detailed.csv#host_has_profile_pic#listings_summary.csv#require_guest_profile_picture;1
listings_detailed.csv;host_has_profile_pic;listings_summary.csv;require_guest_phone_verification;listings_detailed.csv#host_has_profile_pic#listings_summary.csv#require_guest_phone_verification;1
listings_detailed.csv;host_identity_verified;listings_summary.csv;host_is_superhost;listings_detailed.csv#host_identity_verified#listings_summary.csv#host_is_superhost;1
listings_detailed.csv;host_identity_verified;listings_summary.csv;host_has_profile_pic;listings_detailed.csv#host_identity_verified#listings_summary.csv#host_has_profile_pic;1
listings_detailed.csv;host_identity_verified;listings_summary.csv;host_identity_verified;listings_detailed.csv#host_identity_verified#listings_summary.csv#host_identity_verified;4
listings_detailed.csv;host_identity_verified;listings_summary.csv;is_location_exact;listings_detailed.csv#host_identity_verified#listings_summary.csv#is_location_exact;1
listings_detailed.csv;host_identity_verified;listings_summary.csv;has_availability;listings_detailed.csv#host_identity_verified#listings_summary.csv#has_availability;1
listings_detailed.csv;host_identity_verified;listings_summary.csv;requires_license;listings_detailed.csv#host_identity_verified#listings_summary.csv#requires_license;1
listings_detailed.csv;host_identity_verified;listings_summary.csv;instant_bookable;listings_detailed.csv#host_identity_verified#listings_summary.csv#instant_bookable;1
listings_detailed.csv;host_identity_verified;listings_summary.csv;is_business_travel_ready;listings_detailed.csv#host_identity_verified#listings_summary.csv#is_business_travel_ready;1
listings_detailed.csv;host_identity_verified;listings_summary.csv;require_guest_profile_picture;listings_detailed.csv#host_identity_verified#listings_summary.csv#require_guest_profile_picture;1
listings_detailed.csv;host_identity_verified;listings_summary.csv;require_guest_phone_verification;listings_detailed.csv#host_identity_verified#listings_summary.csv#require_guest_phone_verification;1
listings_detailed.csv;is_location_exact;listings_summary.csv;host_is_superhost;listings_detailed.csv#is_location_exact#listings_summary.csv#host_is_superhost;1
listings_detailed.csv;is_location_exact;listings_summary.csv;host_has_profile_pic;listings_detailed.csv#is_location_exact#listings_summary.csv#host_has_profile_pic;1
listings_detailed.csv;is_location_exact;listings_summary.csv;host_identity_verified;listings_detailed.csv#is_location_exact#listings_summary.csv#host_identity_verified;1
listings_detailed.csv;is_location_exact;listings_summary.csv;is_location_exact;listings_detailed.csv#is_location_exact#listings_summary.csv#is_location_exact;4
listings_detailed.csv;is_location_exact;listings_summary.csv;has_availability;listings_detailed.csv#is_location_exact#listings_summary.csv#has_availability;1
listings_detailed.csv;is_location_exact;listings_summary.csv;requires_license;listings_detailed.csv#is_location_exact#listings_summary.csv#requires_license;1
listings_detailed.csv;is_location_exact;listings_summary.csv;instant_bookable;listings_detailed.csv#is_location_exact#listings_summary.csv#instant_bookable;1
listings_detailed.csv;is_location_exact;listings_summary.csv;is_business_travel_ready;listings_detailed.csv#is_location_exact#listings_summary.csv#is_business_travel_ready;1
listings_detailed.csv;is_location_exact;listings_summary.csv;require_guest_profile_picture;listings_detailed.csv#is_location_exact#listings_summary.csv#require_guest_profile_picture;1
listings_detailed.csv;is_location_exact;listings_summary.csv;require_guest_phone_verification;listings_detailed.csv#is_location_exact#listings_summary.csv#require_guest_phone_verification;1
listings_detailed.csv;room_type;listings_summary.csv;room_type;listings_detailed.csv#room_type#listings_summary.csv#room_type;4
listings_detailed.csv;bed_type;listings_summary.csv;bed_type;listings_detailed.csv#bed_type#listings_summary.csv#bed_type;4
listings_detailed.csv;price;listings_summary.csv;price;listings_detailed.csv#price#listings_summary.csv#price;4
listings_detailed.csv;price;listings_summary.csv;security_deposit;listings_detailed.csv#price#listings_summary.csv#security_deposit;2
listings_detailed.csv;cleaning_fee;listings_summary.csv;price;listings_detailed.csv#cleaning_fee#listings_summary.csv#price;2
listings_detailed.csv;cleaning_fee;listings_summary.csv;cleaning_fee;listings_detailed.csv#cleaning_fee#listings_summary.csv#cleaning_fee;4
listings_detailed.csv;cleaning_fee;listings_summary.csv;extra_people;listings_detailed.csv#cleaning_fee#listings_summary.csv#extra_people;2
listings_detailed.csv;extra_people;listings_summary.csv;price;listings_detailed.csv#extra_people#listings_summary.csv#price;2
listings_detailed.csv;extra_people;listings_summary.csv;cleaning_fee;listings_detailed.csv#extra_people#listings_summary.csv#cleaning_fee;2
listings_detailed.csv;extra_people;listings_summary.csv;extra_people;listings_detailed.csv#extra_people#listings_summary.csv#extra_people;4
listings_detailed.csv;calendar_updated;listings_summary.csv;calendar_updated;listings_detailed.csv#calendar_updated#listings_summary.csv#calendar_updated;4
listings_detailed.csv;has_availability;listings_summary.csv;has_availability;listings_detailed.csv#has_availability#listings_summary.csv#has_availability;4
listings_detailed.csv;first_review;listings_summary.csv;host_since;listings_detailed.csv#first_review#listings_summary.csv#host_since;2
listings_detailed.csv;first_review;listings_summary.csv;first_review;listings_detailed.csv#first_review#listings_summary.csv#first_review;4
listings_detailed.csv;first_review;listings_summary.csv;last_review;listings_detailed.csv#first_review#listings_summary.csv#last_review;2
listings_detailed.csv;requires_license;listings_summary.csv;has_availability;listings_detailed.csv#requires_license#listings_summary.csv#has_availability;1
listings_detailed.csv;instant_bookable;listings_summary.csv;host_is_superhost;listings_detailed.csv#instant_bookable#listings_summary.csv#host_is_superhost;1
listings_detailed.csv;instant_bookable;listings_summary.csv;host_has_profile_pic;listings_detailed.csv#instant_bookable#listings_summary.csv#host_has_profile_pic;1
listings_detailed.csv;instant_bookable;listings_summary.csv;host_identity_verified;listings_detailed.csv#instant_bookable#listings_summary.csv#host_identity_verified;1
listings_detailed.csv;instant_bookable;listings_summary.csv;is_location_exact;listings_detailed.csv#instant_bookable#listings_summary.csv#is_location_exact;1
listings_detailed.csv;instant_bookable;listings_summary.csv;has_availability;listings_detailed.csv#instant_bookable#listings_summary.csv#has_availability;1
listings_detailed.csv;instant_bookable;listings_summary.csv;requires_license;listings_detailed.csv#instant_bookable#listings_summary.csv#requires_license;1
listings_detailed.csv;instant_bookable;listings_summary.csv;instant_bookable;listings_detailed.csv#instant_bookable#listings_summary.csv#instant_bookable;4
listings_detailed.csv;instant_bookable;listings_summary.csv;is_business_travel_ready;listings_detailed.csv#instant_bookable#listings_summary.csv#is_business_travel_ready;1
listings_detailed.csv;instant_bookable;listings_summary.csv;require_guest_profile_picture;listings_detailed.csv#instant_bookable#listings_summary.csv#require_guest_profile_picture;1
listings_detailed.csv;instant_bookable;listings_summary.csv;require_guest_phone_verification;listings_detailed.csv#instant_bookable#listings_summary.csv#require_guest_phone_verification;1
listings_detailed.csv;is_business_travel_ready;listings_summary.csv;is_business_travel_ready;listings_detailed.csv#is_business_travel_ready#listings_summary.csv#is_business_travel_ready;4
listings_detailed.csv;cancellation_policy;listings_summary.csv;cancellation_policy;listings_detailed.csv#cancellation_policy#listings_summary.csv#cancellation_policy;4
listings_detailed.csv;require_guest_profile_picture;listings_summary.csv;host_is_superhost;listings_detailed.csv#require_guest_profile_picture#listings_summary.csv#host_is_superhost;1
listings_detailed.csv;require_guest_profile_picture;listings_summary.csv;host_has_profile_pic;listings_detailed.csv#require_guest_profile_picture#listings_summary.csv#host_has_profile_pic;1
listings_detailed.csv;require_guest_profile_picture;listings_summary.csv;host_identity_verified;listings_detailed.csv#require_guest_profile_picture#listings_summary.csv#host_identity_verified;1
listings_detailed.csv;require_guest_profile_picture;listings_summary.csv;is_location_exact;listings_detailed.csv#require_guest_profile_picture#listings_summary.csv#is_location_exact;1
listings_detailed.csv;require_guest_profile_picture;listings_summary.csv;has_availability;listings_detailed.csv#require_guest_profile_picture#listings_summary.csv#has_availability;1
listings_detailed.csv;require_guest_profile_picture;listings_summary.csv;requires_license;listings_detailed.csv#require_guest_profile_picture#listings_summary.csv#requires_license;1
listings_detailed.csv;require_guest_profile_picture;listings_summary.csv;instant_bookable;listings_detailed.csv#require_guest_profile_picture#listings_summary.csv#instant_bookable;1
listings_detailed.csv;require_guest_profile_picture;listings_summary.csv;is_business_travel_ready;listings_detailed.csv#require_guest_profile_picture#listings_summary.csv#is_business_travel_ready;1
listings_detailed.csv;require_guest_profile_picture;listings_summary.csv;require_guest_profile_picture;listings_detailed.csv#require_guest_profile_picture#listings_summary.csv#require_guest_profile_picture;1
listings_detailed.csv;require_guest_profile_picture;listings_summary.csv;require_guest_phone_verification;listings_detailed.csv#require_guest_profile_picture#listings_summary.csv#require_guest_phone_verification;4
listings_detailed.csv;require_guest_phone_verification;listings_summary.csv;host_is_superhost;listings_detailed.csv#require_guest_phone_verification#listings_summary.csv#host_is_superhost;1
listings_detailed.csv;require_guest_phone_verification;listings_summary.csv;host_has_profile_pic;listings_detailed.csv#require_guest_phone_verification#listings_summary.csv#host_has_profile_pic;1
listings_detailed.csv;require_guest_phone_verification;listings_summary.csv;host_identity_verified;listings_detailed.csv#require_guest_phone_verification#listings_summary.csv#host_identity_verified;1
listings_detailed.csv;require_guest_phone_verification;listings_summary.csv;is_location_exact;listings_detailed.csv#require_guest_phone_verification#listings_summary.csv#is_location_exact;1
listings_detailed.csv;require_guest_phone_verification;listings_summary.csv;has_availability;listings_detailed.csv#require_guest_phone_verification#listings_summary.csv#has_availability;1
listings_detailed.csv;require_guest_phone_verification;listings_summary.csv;requires_license;listings_detailed.csv#require_guest_phone_verification#listings_summary.csv#requires_license;1
listings_detailed.csv;require_guest_phone_verification;listings_summary.csv;instant_bookable;listings_detailed.csv#require_guest_phone_verification#listings_summary.csv#instant_bookable;1
listings_detailed.csv;require_guest_phone_verification;listings_summary.csv;is_business_travel_ready;listings_detailed.csv#require_guest_phone_verification#listings_summary.csv#is_business_travel_ready;1
listings_detailed.csv;require_guest_phone_verification;listings_summary.csv;require_guest_profile_picture;listings_detailed.csv#require_guest_phone_verification#listings_summary.csv#require_guest_profile_picture;1
listings_detailed.csv;require_guest_phone_verification;listings_summary.csv;require_guest_phone_verification;listings_detailed.csv#require_guest_phone_verification#listings_summary.csv#require_guest_phone_verification;4
issued-building-permits.csv;IssueDate;listings_detailed.csv;host_since;issued-building-permits.csv#IssueDate#listings_detailed.csv#host_since;2
issued-building-permits.csv;IssueDate;listings_detailed.csv;first_review;issued-building-permits.csv#IssueDate#listings_detailed.csv#first_review;3
players.csv;flag;total-and-urban-population-annual-1950-2050.csv;LOCATION_REGIONID;players.csv#flag#total-and-urban-population-annual-1950-2050.csv#LOCATION_REGIONID;3
global-innovation-index-2015.csv;COUNTRY_ID;players.csv;flag;global-innovation-index-2015.csv#COUNTRY_ID#players.csv#flag;4
global-innovation-index-2015.csv;COUNTRY_REGIONID;players.csv;flag;global-innovation-index-2015.csv#COUNTRY_REGIONID#players.csv#flag;4
makemytrip_com-travel_sample.csv;site_review_count;provisional-2016-bi-annual-aquatic-and-terrestrial-monitoring-results-26062017-raw-results.csv;LOD;makemytrip_com-travel_sample.csv#site_review_count#provisional-2016-bi-annual-aquatic-and-terrestrial-monitoring-results-26062017-raw-results.csv#LOD;1
global-greenhouse-gas-emissions.csv;Country;total-and-urban-population-annual-1950-2050.csv;LOCATION_NAME;global-greenhouse-gas-emissions.csv#Country#total-and-urban-population-annual-1950-2050.csv#LOCATION_NAME;4
global-greenhouse-gas-emissions.csv;Country;global-innovation-index-2015.csv;COUNTRY_NAME;global-greenhouse-gas-emissions.csv#Country#global-innovation-index-2015.csv#COUNTRY_NAME;4
Accidental_Drug_Related_Deaths_2012-2018.csv;Sex;IPODataFull.csv;CEOGender;Accidental_Drug_Related_Deaths_2012-2018.csv#Sex#IPODataFull.csv#CEOGender;2
Accidental_Drug_Related_Deaths_2012-2018.csv;Sex;IPODataFull.csv;PresidentGender;Accidental_Drug_Related_Deaths_2012-2018.csv#Sex#IPODataFull.csv#PresidentGender;2
Accidental_Drug_Related_Deaths_2012-2018.csv;Sex;IPODataFull.csv;usableCEOGender;Accidental_Drug_Related_Deaths_2012-2018.csv#Sex#IPODataFull.csv#usableCEOGender;2
Accidental_Drug_Related_Deaths_2012-2018.csv;Sex;IPODataFull.csv;usablePresidentGender;Accidental_Drug_Related_Deaths_2012-2018.csv#Sex#IPODataFull.csv#usablePresidentGender;2
Accidental_Drug_Related_Deaths_2012-2018.csv;Sex;IPODataFull.csv;yearDifferenceGrouped;Accidental_Drug_Related_Deaths_2012-2018.csv#Sex#IPODataFull.csv#yearDifferenceGrouped;1
Accidental_Drug_Related_Deaths_2012-2018.csv;ResidenceState;IPODataFull.csv;stateCountry;Accidental_Drug_Related_Deaths_2012-2018.csv#ResidenceState#IPODataFull.csv#stateCountry;3
animal-control-inventory-register.csv;DateImpounded;episodes.csv;program;animal-control-inventory-register.csv#DateImpounded#episodes.csv#program;2
animal-control-inventory-register.csv;DateImpounded;episodes.csv;episode_date;animal-control-inventory-register.csv#DateImpounded#episodes.csv#episode_date;2
episodes.csv;program;listings_summary.csv;host_since;episodes.csv#program#listings_summary.csv#host_since;2
episodes.csv;episode_date;listings_summary.csv;host_since;episodes.csv#episode_date#listings_summary.csv#host_since;1
episodes.csv;episode_date;listings_summary.csv;first_review;episodes.csv#episode_date#listings_summary.csv#first_review;1
episodes.csv;episode_date;water-distribution-mains.csv;INSTALLATION_DATE;episodes.csv#episode_date#water-distribution-mains.csv#INSTALLATION_DATE;2
animal-control-inventory-register.csv;DateImpounded;listings_summary.csv;host_since;animal-control-inventory-register.csv#DateImpounded#listings_summary.csv#host_since;1
animal-control-inventory-register.csv;DateImpounded;listings_summary.csv;first_review;animal-control-inventory-register.csv#DateImpounded#listings_summary.csv#first_review;1
india-census-data-2011-census-primary-abstract.csv;FREQUENCY;total-and-urban-population-annual-1950-2050.csv;FREQUENCY;india-census-data-2011-census-primary-abstract.csv#FREQUENCY#total-and-urban-population-annual-1950-2050.csv#FREQUENCY;4
global-innovation-index-2015.csv;FREQUENCY;india-census-data-2011-census-primary-abstract.csv;FREQUENCY;global-innovation-index-2015.csv#FREQUENCY#india-census-data-2011-census-primary-abstract.csv#FREQUENCY;4
district-wise-rainfall-data-for-india-2014.csv;DISTRICTS_REGIONID;india-census-data-2011-census-primary-abstract.csv;LOCATION_ID;district-wise-rainfall-data-for-india-2014.csv#DISTRICTS_REGIONID#india-census-data-2011-census-primary-abstract.csv#LOCATION_ID;4
district-wise-rainfall-data-for-india-2014.csv;DISTRICTS_NAME;india-census-data-2011-census-primary-abstract.csv;LOCATION_NAME;district-wise-rainfall-data-for-india-2014.csv#DISTRICTS_NAME#india-census-data-2011-census-primary-abstract.csv#LOCATION_NAME;4
district-wise-rainfall-data-for-india-2014.csv;DISTRICTS_REGIONID;india-census-data-2011-census-primary-abstract.csv;LOCATION_REGIONID;district-wise-rainfall-data-for-india-2014.csv#DISTRICTS_REGIONID#india-census-data-2011-census-primary-abstract.csv#LOCATION_REGIONID;4
india-census-data-2011-census-primary-abstract.csv;FREQUENCY;saudi-arabia-world-development-indicators-1960-2014.csv;Periodicity;india-census-data-2011-census-primary-abstract.csv#FREQUENCY#saudi-arabia-world-development-indicators-1960-2014.csv#Periodicity;3
global-innovation-index-2015.csv;FREQUENCY;total-and-urban-population-annual-1950-2050.csv;FREQUENCY;global-innovation-index-2015.csv#FREQUENCY#total-and-urban-population-annual-1950-2050.csv#FREQUENCY;4
global-innovation-index-2015.csv;COUNTRY_ID;total-and-urban-population-annual-1950-2050.csv;LOCATION_ID;global-innovation-index-2015.csv#COUNTRY_ID#total-and-urban-population-annual-1950-2050.csv#LOCATION_ID;4
global-innovation-index-2015.csv;COUNTRY_REGIONID;total-and-urban-population-annual-1950-2050.csv;LOCATION_ID;global-innovation-index-2015.csv#COUNTRY_REGIONID#total-and-urban-population-annual-1950-2050.csv#LOCATION_ID;4
global-innovation-index-2015.csv;COUNTRY_NAME;total-and-urban-population-annual-1950-2050.csv;LOCATION_NAME;global-innovation-index-2015.csv#COUNTRY_NAME#total-and-urban-population-annual-1950-2050.csv#LOCATION_NAME;4
global-innovation-index-2015.csv;COUNTRY_ID;total-and-urban-population-annual-1950-2050.csv;LOCATION_REGIONID;global-innovation-index-2015.csv#COUNTRY_ID#total-and-urban-population-annual-1950-2050.csv#LOCATION_REGIONID;4
global-innovation-index-2015.csv;COUNTRY_REGIONID;total-and-urban-population-annual-1950-2050.csv;LOCATION_REGIONID;global-innovation-index-2015.csv#COUNTRY_REGIONID#total-and-urban-population-annual-1950-2050.csv#LOCATION_REGIONID;4
emissions_agriculture_energy_e_all_data_norm.csv;Country;total-and-urban-population-annual-1950-2050.csv;LOCATION_NAME;emissions_agriculture_energy_e_all_data_norm.csv#Country#total-and-urban-population-annual-1950-2050.csv#LOCATION_NAME;4
saudi-arabia-world-development-indicators-1960-2014.csv;Periodicity;total-and-urban-population-annual-1950-2050.csv;FREQUENCY;saudi-arabia-world-development-indicators-1960-2014.csv#Periodicity#total-and-urban-population-annual-1950-2050.csv#FREQUENCY;4
property-addresses.csv;Geo Local Area;sewer-manholes.csv;Geo Local Area;property-addresses.csv#Geo Local Area#sewer-manholes.csv#Geo Local Area;4
IPODataFull.csv;CEOInChargeDuringIPO;makemytrip_com-travel_sample.csv;is_value_plus;IPODataFull.csv#CEOInChargeDuringIPO#makemytrip_com-travel_sample.csv#is_value_plus;1
IPODataFull.csv;presidentInChargeDuringIPO;makemytrip_com-travel_sample.csv;is_value_plus;IPODataFull.csv#presidentInChargeDuringIPO#makemytrip_com-travel_sample.csv#is_value_plus;1
IPODataFull.csv;USACompany;makemytrip_com-travel_sample.csv;is_value_plus;IPODataFull.csv#USACompany#makemytrip_com-travel_sample.csv#is_value_plus;1
global-innovation-index-2015.csv;FREQUENCY;saudi-arabia-world-development-indicators-1960-2014.csv;Periodicity;global-innovation-index-2015.csv#FREQUENCY#saudi-arabia-world-development-indicators-1960-2014.csv#Periodicity;4
abandoned-water-mains.csv;MATERIAL;water-distribution-mains.csv;MATERIAL;abandoned-water-mains.csv#MATERIAL#water-distribution-mains.csv#MATERIAL;4
